step,task_type,arm,correct,token_cost,latency_ms,reward
0,math,phi3_local,0,0.0,180,0.0
1,math,fireworks_small,1,0.015,400,0.7807692307692307
2,math,phi3_local,1,0.0,180,0.9169230769230768
3,code,phi3_local,1,0.0,180,0.9169230769230768
4,math,fireworks_large,1,0.09,900,0.37692307692307697
5,code,phi3_local,1,0.0,180,0.9169230769230768
6,qa,fireworks_large,1,0.09,900,0.37692307692307697
7,code,phi3_local,1,0.0,180,0.9169230769230768
8,qa,fireworks_small,0,0.015,400,0.0
9,qa,qwen_local,1,0.0,260,0.8799999999999999
10,math,fireworks_small,1,0.015,400,0.7807692307692307
11,creative,fireworks_large,1,0.09,900,0.37692307692307697
12,qa,qwen_local,0,0.0,260,0.0
13,qa,phi3_local,1,0.0,180,0.9169230769230768
14,math,qwen_local,1,0.0,260,0.8799999999999999
15,qa,phi3_local,1,0.0,180,0.9169230769230768
16,code,fireworks_large,1,0.09,900,0.37692307692307697
17,code,phi3_local,1,0.0,180,0.9169230769230768
18,qa,phi3_local,0,0.0,180,0.0
19,code,phi3_local,0,0.0,180,0.0
20,qa,qwen_local,1,0.0,260,0.8799999999999999
21,creative,fireworks_large,1,0.09,900,0.37692307692307697
22,creative,fireworks_small,1,0.015,400,0.7807692307692307
23,math,fireworks_large,1,0.09,900,0.37692307692307697
24,qa,phi3_local,1,0.0,180,0.9169230769230768
25,math,qwen_local,1,0.0,260,0.8799999999999999
26,math,phi3_local,1,0.0,180,0.9169230769230768
27,qa,qwen_local,1,0.0,260,0.8799999999999999
28,creative,qwen_local,0,0.0,260,0.0
29,code,fireworks_small,0,0.015,400,0.0
30,creative,phi3_local,1,0.0,180,0.9169230769230768
31,math,fireworks_small,0,0.015,400,0.0
32,creative,phi3_local,1,0.0,180,0.9169230769230768
33,math,phi3_local,0,0.0,180,0.0
34,qa,phi3_local,1,0.0,180,0.9169230769230768
35,math,qwen_local,1,0.0,260,0.8799999999999999
36,creative,phi3_local,1,0.0,180,0.9169230769230768
37,creative,phi3_local,1,0.0,180,0.9169230769230768
38,qa,fireworks_small,1,0.015,400,0.7807692307692307
39,math,fireworks_small,0,0.015,400,0.0
40,qa,qwen_local,0,0.0,260,0.0
41,creative,phi3_local,1,0.0,180,0.9169230769230768
42,qa,phi3_local,1,0.0,180,0.9169230769230768
43,qa,phi3_local,1,0.0,180,0.9169230769230768
44,code,phi3_local,1,0.0,180,0.9169230769230768
45,creative,fireworks_small,0,0.015,400,0.0
46,creative,phi3_local,1,0.0,180,0.9169230769230768
47,code,phi3_local,1,0.0,180,0.9169230769230768
48,creative,phi3_local,0,0.0,180,0.0
49,math,qwen_local,1,0.0,260,0.8799999999999999
50,math,qwen_local,0,0.0,260,0.0
51,qa,fireworks_small,1,0.015,400,0.7807692307692307
52,math,qwen_local,1,0.0,260,0.8799999999999999
53,creative,phi3_local,1,0.0,180,0.9169230769230768
54,code,phi3_local,0,0.0,180,0.0
55,creative,fireworks_large,1,0.09,900,0.37692307692307697
56,code,qwen_local,1,0.0,260,0.8799999999999999
57,code,qwen_local,1,0.0,260,0.8799999999999999
58,code,qwen_local,1,0.0,260,0.8799999999999999
59,qa,phi3_local,1,0.0,180,0.9169230769230768
60,math,qwen_local,1,0.0,260,0.8799999999999999
61,creative,fireworks_small,0,0.015,400,0.0
62,code,phi3_local,0,0.0,180,0.0
63,qa,phi3_local,1,0.0,180,0.9169230769230768
64,qa,phi3_local,1,0.0,180,0.9169230769230768
65,code,fireworks_large,1,0.09,900,0.37692307692307697
66,qa,phi3_local,1,0.0,180,0.9169230769230768
67,creative,qwen_local,1,0.0,260,0.8799999999999999
68,code,phi3_local,1,0.0,180,0.9169230769230768
69,math,qwen_local,1,0.0,260,0.8799999999999999
70,qa,phi3_local,1,0.0,180,0.9169230769230768
71,qa,phi3_local,0,0.0,180,0.0
72,creative,phi3_local,1,0.0,180,0.9169230769230768
73,math,phi3_local,0,0.0,180,0.0
74,qa,phi3_local,1,0.0,180,0.9169230769230768
75,creative,fireworks_large,0,0.09,900,0.0
76,creative,phi3_local,1,0.0,180,0.9169230769230768
77,qa,qwen_local,1,0.0,260,0.8799999999999999
78,creative,phi3_local,1,0.0,180,0.9169230769230768
79,code,qwen_local,1,0.0,260,0.8799999999999999
80,qa,fireworks_large,0,0.09,900,0.0
81,qa,phi3_local,1,0.0,180,0.9169230769230768
82,qa,phi3_local,1,0.0,180,0.9169230769230768
83,math,qwen_local,0,0.0,260,0.0
84,qa,phi3_local,1,0.0,180,0.9169230769230768
85,qa,phi3_local,1,0.0,180,0.9169230769230768
86,creative,phi3_local,1,0.0,180,0.9169230769230768
87,creative,phi3_local,1,0.0,180,0.9169230769230768
88,math,phi3_local,1,0.0,180,0.9169230769230768
89,math,fireworks_large,1,0.09,900,0.37692307692307697
90,code,qwen_local,0,0.0,260,0.0
91,math,qwen_local,0,0.0,260,0.0
92,code,phi3_local,0,0.0,180,0.0
93,creative,qwen_local,0,0.0,260,0.0
94,creative,phi3_local,1,0.0,180,0.9169230769230768
95,math,qwen_local,0,0.0,260,0.0
96,qa,phi3_local,1,0.0,180,0.9169230769230768
97,qa,fireworks_small,0,0.015,400,0.0
98,math,fireworks_small,0,0.015,400,0.0
99,creative,phi3_local,0,0.0,180,0.0
100,creative,phi3_local,1,0.0,180,0.9169230769230768
101,math,qwen_local,0,0.0,260,0.0
102,qa,fireworks_small,1,0.015,400,0.7807692307692307
103,math,fireworks_small,1,0.015,400,0.7807692307692307
104,math,fireworks_small,1,0.015,400,0.7807692307692307
105,math,qwen_local,1,0.0,260,0.8799999999999999
106,creative,phi3_local,0,0.0,180,0.0
107,code,phi3_local,0,0.0,180,0.0
108,creative,phi3_local,0,0.0,180,0.0
109,code,phi3_local,0,0.0,180,0.0
110,creative,phi3_local,0,0.0,180,0.0
111,math,qwen_local,0,0.0,260,0.0
112,qa,phi3_local,0,0.0,180,0.0
113,math,fireworks_small,1,0.015,400,0.7807692307692307
114,creative,fireworks_large,1,0.09,900,0.37692307692307697
115,creative,phi3_local,1,0.0,180,0.9169230769230768
116,math,fireworks_large,1,0.09,900,0.37692307692307697
117,math,fireworks_small,1,0.015,400,0.7807692307692307
118,qa,phi3_local,1,0.0,180,0.9169230769230768
119,code,qwen_local,0,0.0,260,0.0
120,qa,phi3_local,1,0.0,180,0.9169230769230768
121,qa,phi3_local,0,0.0,180,0.0
122,qa,phi3_local,1,0.0,180,0.9169230769230768
123,math,fireworks_small,1,0.015,400,0.7807692307692307
124,creative,phi3_local,1,0.0,180,0.9169230769230768
125,creative,phi3_local,1,0.0,180,0.9169230769230768
126,code,qwen_local,0,0.0,260,0.0
127,qa,phi3_local,1,0.0,180,0.9169230769230768
128,math,fireworks_small,0,0.015,400,0.0
129,creative,phi3_local,1,0.0,180,0.9169230769230768
130,creative,phi3_local,1,0.0,180,0.9169230769230768
131,qa,phi3_local,0,0.0,180,0.0
132,qa,phi3_local,1,0.0,180,0.9169230769230768
133,math,fireworks_small,1,0.015,400,0.7807692307692307
134,math,fireworks_small,0,0.015,400,0.0
135,qa,fireworks_small,0,0.015,400,0.0
136,creative,phi3_local,0,0.0,180,0.0
137,code,phi3_local,0,0.0,180,0.0
138,code,qwen_local,0,0.0,260,0.0
139,code,fireworks_small,1,0.015,400,0.7807692307692307
140,qa,phi3_local,1,0.0,180,0.9169230769230768
141,creative,phi3_local,1,0.0,180,0.9169230769230768
142,code,phi3_local,0,0.0,180,0.0
143,qa,fireworks_small,1,0.015,400,0.7807692307692307
144,qa,qwen_local,1,0.0,260,0.8799999999999999
145,code,fireworks_small,1,0.015,400,0.7807692307692307
146,qa,phi3_local,1,0.0,180,0.9169230769230768
147,code,phi3_local,1,0.0,180,0.9169230769230768
148,code,qwen_local,1,0.0,260,0.8799999999999999
149,qa,phi3_local,1,0.0,180,0.9169230769230768
150,math,fireworks_large,1,0.09,900,0.37692307692307697
151,code,fireworks_small,1,0.015,400,0.7807692307692307
152,qa,phi3_local,1,0.0,180,0.9169230769230768
153,math,phi3_local,0,0.0,180,0.0
154,code,fireworks_large,0,0.09,900,0.0
155,creative,qwen_local,1,0.0,260,0.8799999999999999
156,qa,phi3_local,1,0.0,180,0.9169230769230768
157,qa,phi3_local,1,0.0,180,0.9169230769230768
158,qa,qwen_local,0,0.0,260,0.0
159,math,qwen_local,1,0.0,260,0.8799999999999999
160,creative,phi3_local,1,0.0,180,0.9169230769230768
161,code,fireworks_small,1,0.015,400,0.7807692307692307
162,code,fireworks_small,1,0.015,400,0.7807692307692307
163,code,fireworks_small,1,0.015,400,0.7807692307692307
164,code,fireworks_small,1,0.015,400,0.7807692307692307
165,code,fireworks_small,1,0.015,400,0.7807692307692307
166,code,fireworks_small,1,0.015,400,0.7807692307692307
167,code,fireworks_small,1,0.015,400,0.7807692307692307
168,code,fireworks_small,1,0.015,400,0.7807692307692307
169,code,fireworks_small,1,0.015,400,0.7807692307692307
170,qa,phi3_local,1,0.0,180,0.9169230769230768
171,math,fireworks_small,1,0.015,400,0.7807692307692307
172,creative,fireworks_large,1,0.09,900,0.37692307692307697
173,creative,phi3_local,1,0.0,180,0.9169230769230768
174,qa,qwen_local,1,0.0,260,0.8799999999999999
175,math,phi3_local,0,0.0,180,0.0
176,math,qwen_local,1,0.0,260,0.8799999999999999
177,math,phi3_local,1,0.0,180,0.9169230769230768
178,qa,phi3_local,0,0.0,180,0.0
179,math,fireworks_large,1,0.09,900,0.37692307692307697
180,qa,phi3_local,1,0.0,180,0.9169230769230768
181,math,qwen_local,0,0.0,260,0.0
182,qa,phi3_local,1,0.0,180,0.9169230769230768
183,math,phi3_local,0,0.0,180,0.0
184,creative,phi3_local,0,0.0,180,0.0
185,creative,phi3_local,0,0.0,180,0.0
186,code,fireworks_small,0,0.015,400,0.0
187,qa,phi3_local,0,0.0,180,0.0
188,code,fireworks_small,1,0.015,400,0.7807692307692307
189,creative,phi3_local,1,0.0,180,0.9169230769230768
190,code,fireworks_small,1,0.015,400,0.7807692307692307
191,qa,phi3_local,1,0.0,180,0.9169230769230768
192,qa,phi3_local,0,0.0,180,0.0
193,qa,phi3_local,0,0.0,180,0.0
194,creative,phi3_local,1,0.0,180,0.9169230769230768
195,creative,phi3_local,1,0.0,180,0.9169230769230768
196,creative,qwen_local,0,0.0,260,0.0
197,code,fireworks_small,1,0.015,400,0.7807692307692307
198,math,fireworks_small,1,0.015,400,0.7807692307692307
199,code,fireworks_small,0,0.015,400,0.0
200,math,fireworks_large,1,0.09,900,0.37692307692307697
201,code,fireworks_small,1,0.015,400,0.7807692307692307
202,code,fireworks_small,1,0.015,400,0.7807692307692307
203,qa,phi3_local,1,0.0,180,0.9169230769230768
204,qa,phi3_local,1,0.0,180,0.9169230769230768
205,qa,phi3_local,1,0.0,180,0.9169230769230768
206,code,fireworks_small,1,0.015,400,0.7807692307692307
207,code,qwen_local,1,0.0,260,0.8799999999999999
208,math,qwen_local,1,0.0,260,0.8799999999999999
209,math,fireworks_large,1,0.09,900,0.37692307692307697
210,code,fireworks_small,1,0.015,400,0.7807692307692307
211,code,fireworks_small,0,0.015,400,0.0
212,creative,fireworks_small,1,0.015,400,0.7807692307692307
213,math,qwen_local,0,0.0,260,0.0
214,creative,qwen_local,1,0.0,260,0.8799999999999999
215,qa,phi3_local,1,0.0,180,0.9169230769230768
216,code,fireworks_small,0,0.015,400,0.0
217,code,fireworks_small,1,0.015,400,0.7807692307692307
218,math,fireworks_small,1,0.015,400,0.7807692307692307
219,code,fireworks_small,1,0.015,400,0.7807692307692307
220,qa,phi3_local,0,0.0,180,0.0
221,code,phi3_local,0,0.0,180,0.0
222,qa,fireworks_small,1,0.015,400,0.7807692307692307
223,math,fireworks_large,1,0.09,900,0.37692307692307697
224,math,phi3_local,1,0.0,180,0.9169230769230768
225,code,fireworks_small,1,0.015,400,0.7807692307692307
226,qa,phi3_local,0,0.0,180,0.0
227,math,qwen_local,1,0.0,260,0.8799999999999999
228,qa,phi3_local,0,0.0,180,0.0
229,creative,fireworks_small,0,0.015,400,0.0
230,creative,qwen_local,1,0.0,260,0.8799999999999999
231,creative,phi3_local,1,0.0,180,0.9169230769230768
232,code,fireworks_small,1,0.015,400,0.7807692307692307
233,qa,phi3_local,1,0.0,180,0.9169230769230768
234,code,fireworks_small,0,0.015,400,0.0
235,math,fireworks_small,1,0.015,400,0.7807692307692307
236,qa,phi3_local,0,0.0,180,0.0
237,math,phi3_local,1,0.0,180,0.9169230769230768
238,code,fireworks_small,1,0.015,400,0.7807692307692307
239,math,fireworks_small,1,0.015,400,0.7807692307692307
240,creative,phi3_local,1,0.0,180,0.9169230769230768
241,creative,phi3_local,1,0.0,180,0.9169230769230768
242,creative,phi3_local,1,0.0,180,0.9169230769230768
243,math,fireworks_large,1,0.09,900,0.37692307692307697
244,math,qwen_local,0,0.0,260,0.0
245,math,fireworks_small,1,0.015,400,0.7807692307692307
246,math,fireworks_large,1,0.09,900,0.37692307692307697
247,creative,phi3_local,1,0.0,180,0.9169230769230768
248,math,fireworks_large,1,0.09,900,0.37692307692307697
249,qa,phi3_local,1,0.0,180,0.9169230769230768
250,creative,phi3_local,1,0.0,180,0.9169230769230768
251,qa,fireworks_large,1,0.09,900,0.37692307692307697
252,qa,phi3_local,1,0.0,180,0.9169230769230768
253,code,fireworks_large,1,0.09,900,0.37692307692307697
254,math,qwen_local,1,0.0,260,0.8799999999999999
255,creative,phi3_local,1,0.0,180,0.9169230769230768
256,qa,fireworks_large,1,0.09,900,0.37692307692307697
257,qa,phi3_local,1,0.0,180,0.9169230769230768
258,qa,phi3_local,1,0.0,180,0.9169230769230768
259,creative,phi3_local,1,0.0,180,0.9169230769230768
260,creative,phi3_local,1,0.0,180,0.9169230769230768
261,math,phi3_local,0,0.0,180,0.0
262,code,fireworks_small,0,0.015,400,0.0
263,math,fireworks_small,1,0.015,400,0.7807692307692307
264,math,fireworks_small,1,0.015,400,0.7807692307692307
265,qa,phi3_local,1,0.0,180,0.9169230769230768
266,creative,phi3_local,1,0.0,180,0.9169230769230768
267,math,fireworks_small,1,0.015,400,0.7807692307692307
268,qa,fireworks_small,1,0.015,400,0.7807692307692307
269,math,qwen_local,1,0.0,260,0.8799999999999999
270,math,fireworks_small,1,0.015,400,0.7807692307692307
271,math,qwen_local,0,0.0,260,0.0
272,creative,fireworks_small,0,0.015,400,0.0
273,creative,phi3_local,0,0.0,180,0.0
274,math,fireworks_small,1,0.015,400,0.7807692307692307
275,qa,phi3_local,1,0.0,180,0.9169230769230768
276,math,phi3_local,0,0.0,180,0.0
277,creative,phi3_local,1,0.0,180,0.9169230769230768
278,code,qwen_local,1,0.0,260,0.8799999999999999
279,code,fireworks_small,1,0.015,400,0.7807692307692307
280,qa,phi3_local,0,0.0,180,0.0
281,qa,qwen_local,1,0.0,260,0.8799999999999999
282,creative,qwen_local,1,0.0,260,0.8799999999999999
283,creative,qwen_local,1,0.0,260,0.8799999999999999
284,math,qwen_local,1,0.0,260,0.8799999999999999
285,qa,phi3_local,1,0.0,180,0.9169230769230768
286,creative,phi3_local,0,0.0,180,0.0
287,math,phi3_local,1,0.0,180,0.9169230769230768
288,math,fireworks_small,0,0.015,400,0.0
289,math,fireworks_small,1,0.015,400,0.7807692307692307
290,creative,phi3_local,0,0.0,180,0.0
291,code,qwen_local,0,0.0,260,0.0
292,creative,phi3_local,1,0.0,180,0.9169230769230768
293,qa,qwen_local,1,0.0,260,0.8799999999999999
294,creative,phi3_local,1,0.0,180,0.9169230769230768
295,math,qwen_local,1,0.0,260,0.8799999999999999
296,math,fireworks_small,1,0.015,400,0.7807692307692307
297,qa,phi3_local,1,0.0,180,0.9169230769230768
298,math,fireworks_small,1,0.015,400,0.7807692307692307
299,math,fireworks_small,1,0.015,400,0.7807692307692307
300,creative,phi3_local,1,0.0,180,0.9169230769230768
301,creative,phi3_local,1,0.0,180,0.9169230769230768
302,creative,phi3_local,1,0.0,180,0.9169230769230768
303,code,fireworks_small,0,0.015,400,0.0
304,code,fireworks_small,0,0.015,400,0.0
305,math,fireworks_small,1,0.015,400,0.7807692307692307
306,qa,qwen_local,0,0.0,260,0.0
307,creative,phi3_local,1,0.0,180,0.9169230769230768
308,creative,phi3_local,0,0.0,180,0.0
309,qa,fireworks_small,1,0.015,400,0.7807692307692307
310,code,qwen_local,1,0.0,260,0.8799999999999999
311,code,qwen_local,1,0.0,260,0.8799999999999999
312,math,phi3_local,0,0.0,180,0.0
313,code,qwen_local,1,0.0,260,0.8799999999999999
314,creative,phi3_local,0,0.0,180,0.0
315,code,fireworks_small,1,0.015,400,0.7807692307692307
316,code,fireworks_small,1,0.015,400,0.7807692307692307
317,code,qwen_local,1,0.0,260,0.8799999999999999
318,math,fireworks_small,1,0.015,400,0.7807692307692307
319,creative,phi3_local,1,0.0,180,0.9169230769230768
320,math,qwen_local,1,0.0,260,0.8799999999999999
321,creative,phi3_local,1,0.0,180,0.9169230769230768
322,code,qwen_local,1,0.0,260,0.8799999999999999
323,qa,phi3_local,1,0.0,180,0.9169230769230768
324,math,fireworks_small,1,0.015,400,0.7807692307692307
325,qa,qwen_local,1,0.0,260,0.8799999999999999
326,code,fireworks_large,1,0.09,900,0.37692307692307697
327,code,fireworks_small,0,0.015,400,0.0
328,qa,phi3_local,1,0.0,180,0.9169230769230768
329,math,fireworks_small,1,0.015,400,0.7807692307692307
330,creative,fireworks_large,1,0.09,900,0.37692307692307697
331,qa,fireworks_large,0,0.09,900,0.0
332,qa,phi3_local,1,0.0,180,0.9169230769230768
333,qa,qwen_local,1,0.0,260,0.8799999999999999
334,qa,fireworks_small,1,0.015,400,0.7807692307692307
335,math,fireworks_small,1,0.015,400,0.7807692307692307
336,code,fireworks_small,1,0.015,400,0.7807692307692307
337,math,fireworks_small,1,0.015,400,0.7807692307692307
338,math,fireworks_small,1,0.015,400,0.7807692307692307
339,creative,phi3_local,0,0.0,180,0.0
340,creative,phi3_local,1,0.0,180,0.9169230769230768
341,math,fireworks_small,1,0.015,400,0.7807692307692307
342,math,fireworks_small,0,0.015,400,0.0
343,qa,phi3_local,1,0.0,180,0.9169230769230768
344,creative,phi3_local,0,0.0,180,0.0
345,creative,qwen_local,1,0.0,260,0.8799999999999999
346,creative,phi3_local,1,0.0,180,0.9169230769230768
347,qa,phi3_local,1,0.0,180,0.9169230769230768
348,code,qwen_local,1,0.0,260,0.8799999999999999
349,creative,phi3_local,0,0.0,180,0.0
350,code,qwen_local,0,0.0,260,0.0
351,qa,phi3_local,1,0.0,180,0.9169230769230768
352,code,fireworks_small,1,0.015,400,0.7807692307692307
353,creative,phi3_local,1,0.0,180,0.9169230769230768
354,code,qwen_local,1,0.0,260,0.8799999999999999
355,code,fireworks_small,1,0.015,400,0.7807692307692307
356,qa,phi3_local,1,0.0,180,0.9169230769230768
357,qa,phi3_local,1,0.0,180,0.9169230769230768
358,code,qwen_local,1,0.0,260,0.8799999999999999
359,code,fireworks_small,1,0.015,400,0.7807692307692307
360,creative,phi3_local,1,0.0,180,0.9169230769230768
361,qa,qwen_local,0,0.0,260,0.0
362,qa,phi3_local,0,0.0,180,0.0
363,creative,phi3_local,1,0.0,180,0.9169230769230768
364,qa,phi3_local,0,0.0,180,0.0
365,code,fireworks_small,1,0.015,400,0.7807692307692307
366,qa,phi3_local,1,0.0,180,0.9169230769230768
367,creative,phi3_local,0,0.0,180,0.0
368,code,qwen_local,1,0.0,260,0.8799999999999999
369,code,fireworks_small,1,0.015,400,0.7807692307692307
370,math,qwen_local,0,0.0,260,0.0
371,math,fireworks_small,1,0.015,400,0.7807692307692307
372,math,qwen_local,0,0.0,260,0.0
373,code,qwen_local,1,0.0,260,0.8799999999999999
374,qa,phi3_local,1,0.0,180,0.9169230769230768
375,creative,phi3_local,1,0.0,180,0.9169230769230768
376,code,qwen_local,1,0.0,260,0.8799999999999999
377,math,fireworks_small,1,0.015,400,0.7807692307692307
378,qa,phi3_local,0,0.0,180,0.0
379,math,fireworks_small,1,0.015,400,0.7807692307692307
380,code,fireworks_small,1,0.015,400,0.7807692307692307
381,code,fireworks_small,1,0.015,400,0.7807692307692307
382,math,fireworks_small,0,0.015,400,0.0
383,creative,phi3_local,1,0.0,180,0.9169230769230768
384,math,fireworks_small,1,0.015,400,0.7807692307692307
385,math,qwen_local,0,0.0,260,0.0
386,code,qwen_local,1,0.0,260,0.8799999999999999
387,qa,phi3_local,1,0.0,180,0.9169230769230768
388,qa,phi3_local,0,0.0,180,0.0
389,math,fireworks_small,0,0.015,400,0.0
390,math,fireworks_small,1,0.015,400,0.7807692307692307
391,math,fireworks_small,1,0.015,400,0.7807692307692307
392,math,fireworks_small,1,0.015,400,0.7807692307692307
393,math,fireworks_small,1,0.015,400,0.7807692307692307
394,qa,phi3_local,1,0.0,180,0.9169230769230768
395,qa,phi3_local,1,0.0,180,0.9169230769230768
396,code,phi3_local,0,0.0,180,0.0
397,code,qwen_local,1,0.0,260,0.8799999999999999
398,math,fireworks_small,1,0.015,400,0.7807692307692307
399,qa,phi3_local,1,0.0,180,0.9169230769230768
400,creative,phi3_local,0,0.0,180,0.0
401,qa,fireworks_small,1,0.015,400,0.7807692307692307
402,qa,phi3_local,0,0.0,180,0.0
403,creative,phi3_local,1,0.0,180,0.9169230769230768
404,code,qwen_local,1,0.0,260,0.8799999999999999
405,creative,phi3_local,0,0.0,180,0.0
406,creative,qwen_local,0,0.0,260,0.0
407,math,fireworks_small,1,0.015,400,0.7807692307692307
408,creative,phi3_local,1,0.0,180,0.9169230769230768
409,creative,phi3_local,0,0.0,180,0.0
410,creative,qwen_local,0,0.0,260,0.0
411,code,qwen_local,1,0.0,260,0.8799999999999999
412,code,fireworks_small,1,0.015,400,0.7807692307692307
413,creative,phi3_local,1,0.0,180,0.9169230769230768
414,code,qwen_local,1,0.0,260,0.8799999999999999
415,math,fireworks_small,0,0.015,400,0.0
416,creative,phi3_local,1,0.0,180,0.9169230769230768
417,creative,qwen_local,1,0.0,260,0.8799999999999999
418,math,fireworks_small,1,0.015,400,0.7807692307692307
419,code,fireworks_small,1,0.015,400,0.7807692307692307
420,math,fireworks_small,1,0.015,400,0.7807692307692307
421,code,qwen_local,1,0.0,260,0.8799999999999999
422,qa,qwen_local,0,0.0,260,0.0
423,code,qwen_local,1,0.0,260,0.8799999999999999
424,qa,phi3_local,1,0.0,180,0.9169230769230768
425,creative,phi3_local,1,0.0,180,0.9169230769230768
426,code,fireworks_small,0,0.015,400,0.0
427,creative,phi3_local,1,0.0,180,0.9169230769230768
428,math,fireworks_large,1,0.09,900,0.37692307692307697
429,qa,phi3_local,1,0.0,180,0.9169230769230768
430,code,qwen_local,1,0.0,260,0.8799999999999999
431,creative,fireworks_large,1,0.09,900,0.37692307692307697
432,math,fireworks_small,1,0.015,400,0.7807692307692307
433,qa,phi3_local,0,0.0,180,0.0
434,math,fireworks_small,1,0.015,400,0.7807692307692307
435,creative,qwen_local,0,0.0,260,0.0
436,code,qwen_local,1,0.0,260,0.8799999999999999
437,qa,phi3_local,1,0.0,180,0.9169230769230768
438,qa,phi3_local,1,0.0,180,0.9169230769230768
439,qa,fireworks_small,1,0.015,400,0.7807692307692307
440,qa,fireworks_small,1,0.015,400,0.7807692307692307
441,code,qwen_local,1,0.0,260,0.8799999999999999
442,qa,phi3_local,1,0.0,180,0.9169230769230768
443,creative,phi3_local,1,0.0,180,0.9169230769230768
444,qa,phi3_local,1,0.0,180,0.9169230769230768
445,math,fireworks_small,1,0.015,400,0.7807692307692307
446,math,fireworks_small,1,0.015,400,0.7807692307692307
447,creative,phi3_local,1,0.0,180,0.9169230769230768
448,math,fireworks_small,1,0.015,400,0.7807692307692307
449,qa,phi3_local,1,0.0,180,0.9169230769230768
450,creative,phi3_local,1,0.0,180,0.9169230769230768
451,creative,phi3_local,1,0.0,180,0.9169230769230768
452,creative,phi3_local,1,0.0,180,0.9169230769230768
453,math,qwen_local,1,0.0,260,0.8799999999999999
454,creative,phi3_local,1,0.0,180,0.9169230769230768
455,code,qwen_local,1,0.0,260,0.8799999999999999
456,qa,phi3_local,1,0.0,180,0.9169230769230768
457,code,qwen_local,1,0.0,260,0.8799999999999999
458,code,qwen_local,1,0.0,260,0.8799999999999999
459,qa,phi3_local,1,0.0,180,0.9169230769230768
460,math,fireworks_small,1,0.015,400,0.7807692307692307
461,math,fireworks_small,1,0.015,400,0.7807692307692307
462,math,fireworks_small,1,0.015,400,0.7807692307692307
463,code,qwen_local,1,0.0,260,0.8799999999999999
464,code,qwen_local,1,0.0,260,0.8799999999999999
465,qa,phi3_local,1,0.0,180,0.9169230769230768
466,qa,phi3_local,1,0.0,180,0.9169230769230768
467,creative,phi3_local,1,0.0,180,0.9169230769230768
468,qa,fireworks_small,1,0.015,400,0.7807692307692307
469,qa,fireworks_small,1,0.015,400,0.7807692307692307
470,qa,qwen_local,1,0.0,260,0.8799999999999999
471,math,qwen_local,0,0.0,260,0.0
472,math,fireworks_small,0,0.015,400,0.0
473,code,fireworks_large,1,0.09,900,0.37692307692307697
474,code,qwen_local,1,0.0,260,0.8799999999999999
475,math,fireworks_large,1,0.09,900,0.37692307692307697
476,math,fireworks_small,1,0.015,400,0.7807692307692307
477,creative,phi3_local,1,0.0,180,0.9169230769230768
478,creative,phi3_local,1,0.0,180,0.9169230769230768
479,code,qwen_local,1,0.0,260,0.8799999999999999
480,math,fireworks_small,1,0.015,400,0.7807692307692307
481,code,qwen_local,1,0.0,260,0.8799999999999999
482,math,fireworks_small,1,0.015,400,0.7807692307692307
483,creative,phi3_local,0,0.0,180,0.0
484,math,fireworks_small,1,0.015,400,0.7807692307692307
485,qa,phi3_local,1,0.0,180,0.9169230769230768
486,code,qwen_local,1,0.0,260,0.8799999999999999
487,code,qwen_local,0,0.0,260,0.0
488,qa,phi3_local,1,0.0,180,0.9169230769230768
489,creative,phi3_local,1,0.0,180,0.9169230769230768
490,creative,phi3_local,0,0.0,180,0.0
491,code,qwen_local,0,0.0,260,0.0
492,qa,phi3_local,1,0.0,180,0.9169230769230768
493,math,fireworks_small,1,0.015,400,0.7807692307692307
494,code,qwen_local,0,0.0,260,0.0
495,math,fireworks_small,1,0.015,400,0.7807692307692307
496,creative,phi3_local,0,0.0,180,0.0
497,math,fireworks_small,1,0.015,400,0.7807692307692307
498,code,fireworks_small,1,0.015,400,0.7807692307692307
499,code,qwen_local,1,0.0,260,0.8799999999999999
500,math,fireworks_small,1,0.015,400,0.7807692307692307
501,qa,phi3_local,0,0.0,180,0.0
502,creative,phi3_local,1,0.0,180,0.9169230769230768
503,qa,fireworks_small,1,0.015,400,0.7807692307692307
504,qa,phi3_local,1,0.0,180,0.9169230769230768
505,creative,phi3_local,0,0.0,180,0.0
506,code,qwen_local,1,0.0,260,0.8799999999999999
507,code,qwen_local,1,0.0,260,0.8799999999999999
508,math,fireworks_small,1,0.015,400,0.7807692307692307
509,creative,phi3_local,1,0.0,180,0.9169230769230768
510,creative,phi3_local,1,0.0,180,0.9169230769230768
511,math,fireworks_small,1,0.015,400,0.7807692307692307
512,creative,phi3_local,0,0.0,180,0.0
513,creative,phi3_local,0,0.0,180,0.0
514,math,fireworks_small,1,0.015,400,0.7807692307692307
515,qa,phi3_local,1,0.0,180,0.9169230769230768
516,code,qwen_local,1,0.0,260,0.8799999999999999
517,code,qwen_local,1,0.0,260,0.8799999999999999
518,creative,phi3_local,1,0.0,180,0.9169230769230768
519,qa,phi3_local,1,0.0,180,0.9169230769230768
520,code,qwen_local,1,0.0,260,0.8799999999999999
521,creative,qwen_local,1,0.0,260,0.8799999999999999
522,code,qwen_local,1,0.0,260,0.8799999999999999
523,qa,fireworks_small,1,0.015,400,0.7807692307692307
524,qa,fireworks_small,1,0.015,400,0.7807692307692307
525,qa,phi3_local,1,0.0,180,0.9169230769230768
526,qa,phi3_local,1,0.0,180,0.9169230769230768
527,math,fireworks_small,1,0.015,400,0.7807692307692307
528,math,fireworks_small,1,0.015,400,0.7807692307692307
529,code,qwen_local,1,0.0,260,0.8799999999999999
530,code,qwen_local,1,0.0,260,0.8799999999999999
531,math,fireworks_small,1,0.015,400,0.7807692307692307
532,qa,phi3_local,1,0.0,180,0.9169230769230768
533,code,qwen_local,1,0.0,260,0.8799999999999999
534,creative,qwen_local,1,0.0,260,0.8799999999999999
535,code,qwen_local,1,0.0,260,0.8799999999999999
536,code,qwen_local,0,0.0,260,0.0
537,math,fireworks_small,1,0.015,400,0.7807692307692307
538,qa,phi3_local,1,0.0,180,0.9169230769230768
539,math,fireworks_small,1,0.015,400,0.7807692307692307
540,creative,phi3_local,0,0.0,180,0.0
541,qa,phi3_local,1,0.0,180,0.9169230769230768
542,math,fireworks_small,1,0.015,400,0.7807692307692307
543,code,qwen_local,0,0.0,260,0.0
544,math,fireworks_small,1,0.015,400,0.7807692307692307
545,math,fireworks_small,1,0.015,400,0.7807692307692307
546,math,fireworks_small,1,0.015,400,0.7807692307692307
547,math,fireworks_small,1,0.015,400,0.7807692307692307
548,creative,phi3_local,1,0.0,180,0.9169230769230768
549,math,fireworks_small,0,0.015,400,0.0
550,code,qwen_local,1,0.0,260,0.8799999999999999
551,code,fireworks_small,1,0.015,400,0.7807692307692307
552,code,qwen_local,1,0.0,260,0.8799999999999999
553,code,qwen_local,1,0.0,260,0.8799999999999999
554,qa,phi3_local,1,0.0,180,0.9169230769230768
555,qa,phi3_local,1,0.0,180,0.9169230769230768
556,math,fireworks_small,1,0.015,400,0.7807692307692307
557,math,fireworks_small,1,0.015,400,0.7807692307692307
558,code,qwen_local,1,0.0,260,0.8799999999999999
559,code,qwen_local,1,0.0,260,0.8799999999999999
560,creative,phi3_local,1,0.0,180,0.9169230769230768
561,creative,fireworks_small,1,0.015,400,0.7807692307692307
562,qa,qwen_local,1,0.0,260,0.8799999999999999
563,code,qwen_local,1,0.0,260,0.8799999999999999
564,code,qwen_local,0,0.0,260,0.0
565,math,fireworks_small,1,0.015,400,0.7807692307692307
566,qa,phi3_local,1,0.0,180,0.9169230769230768
567,code,fireworks_small,1,0.015,400,0.7807692307692307
568,math,fireworks_small,1,0.015,400,0.7807692307692307
569,code,qwen_local,1,0.0,260,0.8799999999999999
570,code,qwen_local,1,0.0,260,0.8799999999999999
571,math,fireworks_small,1,0.015,400,0.7807692307692307
572,math,fireworks_small,1,0.015,400,0.7807692307692307
573,creative,qwen_local,1,0.0,260,0.8799999999999999
574,code,qwen_local,0,0.0,260,0.0
575,code,qwen_local,0,0.0,260,0.0
576,math,fireworks_small,1,0.015,400,0.7807692307692307
577,code,qwen_local,1,0.0,260,0.8799999999999999
578,math,fireworks_small,1,0.015,400,0.7807692307692307
579,math,fireworks_small,1,0.015,400,0.7807692307692307
580,code,qwen_local,1,0.0,260,0.8799999999999999
581,math,fireworks_small,1,0.015,400,0.7807692307692307
582,code,fireworks_small,1,0.015,400,0.7807692307692307
583,qa,phi3_local,1,0.0,180,0.9169230769230768
584,code,fireworks_small,1,0.015,400,0.7807692307692307
585,creative,phi3_local,1,0.0,180,0.9169230769230768
586,math,fireworks_small,1,0.015,400,0.7807692307692307
587,code,qwen_local,1,0.0,260,0.8799999999999999
588,creative,phi3_local,1,0.0,180,0.9169230769230768
589,code,qwen_local,1,0.0,260,0.8799999999999999
590,qa,phi3_local,1,0.0,180,0.9169230769230768
591,code,qwen_local,1,0.0,260,0.8799999999999999
592,qa,phi3_local,1,0.0,180,0.9169230769230768
593,code,qwen_local,1,0.0,260,0.8799999999999999
594,creative,phi3_local,1,0.0,180,0.9169230769230768
595,creative,phi3_local,1,0.0,180,0.9169230769230768
596,qa,fireworks_small,1,0.015,400,0.7807692307692307
597,code,qwen_local,1,0.0,260,0.8799999999999999
598,math,fireworks_small,1,0.015,400,0.7807692307692307
599,math,fireworks_small,1,0.015,400,0.7807692307692307
600,code,qwen_local,1,0.0,260,0.8799999999999999
601,qa,phi3_local,1,0.0,180,0.9169230769230768
602,code,qwen_local,1,0.0,260,0.8799999999999999
603,code,qwen_local,0,0.0,260,0.0
604,math,fireworks_small,0,0.015,400,0.0
605,math,fireworks_small,1,0.015,400,0.7807692307692307
606,code,qwen_local,1,0.0,260,0.8799999999999999
607,math,fireworks_small,1,0.015,400,0.7807692307692307
608,math,fireworks_small,1,0.015,400,0.7807692307692307
609,qa,phi3_local,1,0.0,180,0.9169230769230768
610,math,fireworks_small,1,0.015,400,0.7807692307692307
611,code,qwen_local,1,0.0,260,0.8799999999999999
612,code,fireworks_small,1,0.015,400,0.7807692307692307
613,qa,phi3_local,1,0.0,180,0.9169230769230768
614,code,qwen_local,1,0.0,260,0.8799999999999999
615,math,fireworks_small,1,0.015,400,0.7807692307692307
616,qa,phi3_local,1,0.0,180,0.9169230769230768
617,math,fireworks_small,1,0.015,400,0.7807692307692307
618,math,fireworks_small,1,0.015,400,0.7807692307692307
619,creative,phi3_local,1,0.0,180,0.9169230769230768
620,math,fireworks_small,1,0.015,400,0.7807692307692307
621,math,fireworks_small,1,0.015,400,0.7807692307692307
622,qa,phi3_local,0,0.0,180,0.0
623,math,fireworks_small,1,0.015,400,0.7807692307692307
624,code,qwen_local,0,0.0,260,0.0
625,math,fireworks_small,1,0.015,400,0.7807692307692307
626,creative,qwen_local,1,0.0,260,0.8799999999999999
627,creative,phi3_local,0,0.0,180,0.0
628,creative,phi3_local,1,0.0,180,0.9169230769230768
629,qa,phi3_local,1,0.0,180,0.9169230769230768
630,qa,phi3_local,1,0.0,180,0.9169230769230768
631,code,qwen_local,1,0.0,260,0.8799999999999999
632,code,qwen_local,0,0.0,260,0.0
633,creative,phi3_local,1,0.0,180,0.9169230769230768
634,code,qwen_local,1,0.0,260,0.8799999999999999
635,creative,phi3_local,0,0.0,180,0.0
636,qa,phi3_local,1,0.0,180,0.9169230769230768
637,math,fireworks_small,1,0.015,400,0.7807692307692307
638,math,fireworks_small,1,0.015,400,0.7807692307692307
639,code,qwen_local,1,0.0,260,0.8799999999999999
640,code,qwen_local,1,0.0,260,0.8799999999999999
641,code,qwen_local,1,0.0,260,0.8799999999999999
642,creative,phi3_local,1,0.0,180,0.9169230769230768
643,math,fireworks_small,1,0.015,400,0.7807692307692307
644,creative,qwen_local,1,0.0,260,0.8799999999999999
645,math,fireworks_small,1,0.015,400,0.7807692307692307
646,code,qwen_local,1,0.0,260,0.8799999999999999
647,creative,phi3_local,1,0.0,180,0.9169230769230768
648,creative,phi3_local,1,0.0,180,0.9169230769230768
649,code,qwen_local,1,0.0,260,0.8799999999999999
650,creative,qwen_local,0,0.0,260,0.0
651,creative,qwen_local,0,0.0,260,0.0
652,code,qwen_local,1,0.0,260,0.8799999999999999
653,code,qwen_local,1,0.0,260,0.8799999999999999
654,math,fireworks_small,1,0.015,400,0.7807692307692307
655,qa,fireworks_small,1,0.015,400,0.7807692307692307
656,math,fireworks_small,1,0.015,400,0.7807692307692307
657,qa,phi3_local,1,0.0,180,0.9169230769230768
658,qa,qwen_local,0,0.0,260,0.0
659,qa,phi3_local,1,0.0,180,0.9169230769230768
660,creative,phi3_local,1,0.0,180,0.9169230769230768
661,code,qwen_local,1,0.0,260,0.8799999999999999
662,qa,phi3_local,0,0.0,180,0.0
663,code,qwen_local,1,0.0,260,0.8799999999999999
664,creative,phi3_local,1,0.0,180,0.9169230769230768
665,code,qwen_local,1,0.0,260,0.8799999999999999
666,math,fireworks_small,1,0.015,400,0.7807692307692307
667,qa,phi3_local,1,0.0,180,0.9169230769230768
668,qa,phi3_local,1,0.0,180,0.9169230769230768
669,math,fireworks_small,1,0.015,400,0.7807692307692307
670,code,fireworks_small,1,0.015,400,0.7807692307692307
671,math,fireworks_small,1,0.015,400,0.7807692307692307
672,creative,phi3_local,0,0.0,180,0.0
673,math,fireworks_large,1,0.09,900,0.37692307692307697
674,qa,phi3_local,1,0.0,180,0.9169230769230768
675,qa,phi3_local,0,0.0,180,0.0
676,code,qwen_local,1,0.0,260,0.8799999999999999
677,math,fireworks_small,1,0.015,400,0.7807692307692307
678,math,fireworks_small,1,0.015,400,0.7807692307692307
679,qa,phi3_local,1,0.0,180,0.9169230769230768
680,code,qwen_local,0,0.0,260,0.0
681,code,qwen_local,0,0.0,260,0.0
682,creative,phi3_local,1,0.0,180,0.9169230769230768
683,creative,phi3_local,0,0.0,180,0.0
684,code,fireworks_large,1,0.09,900,0.37692307692307697
685,math,fireworks_small,1,0.015,400,0.7807692307692307
686,creative,phi3_local,0,0.0,180,0.0
687,math,fireworks_small,1,0.015,400,0.7807692307692307
688,math,fireworks_small,1,0.015,400,0.7807692307692307
689,math,fireworks_small,1,0.015,400,0.7807692307692307
690,math,fireworks_small,1,0.015,400,0.7807692307692307
691,qa,phi3_local,1,0.0,180,0.9169230769230768
692,creative,phi3_local,1,0.0,180,0.9169230769230768
693,code,qwen_local,1,0.0,260,0.8799999999999999
694,creative,phi3_local,1,0.0,180,0.9169230769230768
695,code,qwen_local,0,0.0,260,0.0
696,code,fireworks_small,1,0.015,400,0.7807692307692307
697,math,fireworks_small,0,0.015,400,0.0
698,qa,phi3_local,0,0.0,180,0.0
699,qa,phi3_local,1,0.0,180,0.9169230769230768
700,code,qwen_local,0,0.0,260,0.0
701,qa,phi3_local,0,0.0,180,0.0
702,code,qwen_local,1,0.0,260,0.8799999999999999
703,creative,phi3_local,1,0.0,180,0.9169230769230768
704,math,fireworks_small,1,0.015,400,0.7807692307692307
705,creative,phi3_local,0,0.0,180,0.0
706,creative,phi3_local,1,0.0,180,0.9169230769230768
707,math,fireworks_small,1,0.015,400,0.7807692307692307
708,code,fireworks_small,0,0.015,400,0.0
709,creative,phi3_local,1,0.0,180,0.9169230769230768
710,qa,phi3_local,1,0.0,180,0.9169230769230768
711,math,fireworks_small,1,0.015,400,0.7807692307692307
712,math,fireworks_small,0,0.015,400,0.0
713,code,qwen_local,1,0.0,260,0.8799999999999999
714,creative,phi3_local,0,0.0,180,0.0
715,qa,phi3_local,1,0.0,180,0.9169230769230768
716,creative,phi3_local,1,0.0,180,0.9169230769230768
717,creative,qwen_local,1,0.0,260,0.8799999999999999
718,qa,phi3_local,1,0.0,180,0.9169230769230768
719,creative,phi3_local,1,0.0,180,0.9169230769230768
720,creative,phi3_local,1,0.0,180,0.9169230769230768
721,code,qwen_local,1,0.0,260,0.8799999999999999
722,math,fireworks_small,1,0.015,400,0.7807692307692307
723,code,fireworks_small,0,0.015,400,0.0
724,math,fireworks_small,1,0.015,400,0.7807692307692307
725,creative,qwen_local,0,0.0,260,0.0
726,qa,phi3_local,1,0.0,180,0.9169230769230768
727,code,qwen_local,1,0.0,260,0.8799999999999999
728,math,fireworks_small,1,0.015,400,0.7807692307692307
729,math,fireworks_small,0,0.015,400,0.0
730,code,qwen_local,0,0.0,260,0.0
731,code,fireworks_small,0,0.015,400,0.0
732,math,fireworks_small,1,0.015,400,0.7807692307692307
733,qa,phi3_local,1,0.0,180,0.9169230769230768
734,code,qwen_local,1,0.0,260,0.8799999999999999
735,creative,fireworks_small,1,0.015,400,0.7807692307692307
736,creative,phi3_local,1,0.0,180,0.9169230769230768
737,math,fireworks_small,1,0.015,400,0.7807692307692307
738,code,qwen_local,1,0.0,260,0.8799999999999999
739,math,fireworks_small,1,0.015,400,0.7807692307692307
740,qa,fireworks_small,1,0.015,400,0.7807692307692307
741,qa,phi3_local,0,0.0,180,0.0
742,creative,phi3_local,1,0.0,180,0.9169230769230768
743,qa,phi3_local,0,0.0,180,0.0
744,code,qwen_local,1,0.0,260,0.8799999999999999
745,math,fireworks_small,1,0.015,400,0.7807692307692307
746,qa,phi3_local,1,0.0,180,0.9169230769230768
747,creative,fireworks_small,1,0.015,400,0.7807692307692307
748,creative,phi3_local,1,0.0,180,0.9169230769230768
749,creative,phi3_local,0,0.0,180,0.0
750,code,qwen_local,0,0.0,260,0.0
751,qa,phi3_local,1,0.0,180,0.9169230769230768
752,math,fireworks_small,1,0.015,400,0.7807692307692307
753,code,qwen_local,1,0.0,260,0.8799999999999999
754,code,qwen_local,1,0.0,260,0.8799999999999999
755,qa,fireworks_small,1,0.015,400,0.7807692307692307
756,code,qwen_local,1,0.0,260,0.8799999999999999
757,qa,fireworks_small,0,0.015,400,0.0
758,math,fireworks_small,1,0.015,400,0.7807692307692307
759,math,fireworks_small,1,0.015,400,0.7807692307692307
760,qa,phi3_local,1,0.0,180,0.9169230769230768
761,creative,phi3_local,1,0.0,180,0.9169230769230768
762,code,qwen_local,0,0.0,260,0.0
763,creative,phi3_local,0,0.0,180,0.0
764,qa,phi3_local,1,0.0,180,0.9169230769230768
765,code,qwen_local,1,0.0,260,0.8799999999999999
766,math,fireworks_small,1,0.015,400,0.7807692307692307
767,qa,phi3_local,0,0.0,180,0.0
768,code,qwen_local,1,0.0,260,0.8799999999999999
769,creative,phi3_local,1,0.0,180,0.9169230769230768
770,qa,phi3_local,1,0.0,180,0.9169230769230768
771,creative,qwen_local,0,0.0,260,0.0
772,code,qwen_local,0,0.0,260,0.0
773,creative,phi3_local,1,0.0,180,0.9169230769230768
774,qa,phi3_local,1,0.0,180,0.9169230769230768
775,code,qwen_local,1,0.0,260,0.8799999999999999
776,code,qwen_local,0,0.0,260,0.0
777,code,qwen_local,0,0.0,260,0.0
778,creative,phi3_local,1,0.0,180,0.9169230769230768
779,creative,phi3_local,1,0.0,180,0.9169230769230768
780,qa,phi3_local,1,0.0,180,0.9169230769230768
781,creative,phi3_local,1,0.0,180,0.9169230769230768
782,qa,phi3_local,1,0.0,180,0.9169230769230768
783,code,qwen_local,1,0.0,260,0.8799999999999999
784,creative,qwen_local,1,0.0,260,0.8799999999999999
785,creative,phi3_local,0,0.0,180,0.0
786,creative,phi3_local,0,0.0,180,0.0
787,creative,phi3_local,1,0.0,180,0.9169230769230768
788,qa,phi3_local,1,0.0,180,0.9169230769230768
789,creative,phi3_local,0,0.0,180,0.0
790,code,qwen_local,0,0.0,260,0.0
791,creative,fireworks_large,1,0.09,900,0.37692307692307697
792,code,qwen_local,0,0.0,260,0.0
793,qa,phi3_local,0,0.0,180,0.0
794,code,qwen_local,1,0.0,260,0.8799999999999999
795,creative,phi3_local,0,0.0,180,0.0
796,math,fireworks_small,1,0.015,400,0.7807692307692307
797,creative,phi3_local,1,0.0,180,0.9169230769230768
798,creative,phi3_local,1,0.0,180,0.9169230769230768
799,creative,phi3_local,0,0.0,180,0.0
800,math,fireworks_small,1,0.015,400,0.7807692307692307
801,qa,phi3_local,1,0.0,180,0.9169230769230768
802,math,fireworks_small,1,0.015,400,0.7807692307692307
803,math,fireworks_small,0,0.015,400,0.0
804,qa,fireworks_small,1,0.015,400,0.7807692307692307
805,math,fireworks_small,0,0.015,400,0.0
806,code,qwen_local,0,0.0,260,0.0
807,qa,phi3_local,0,0.0,180,0.0
808,code,phi3_local,1,0.0,180,0.9169230769230768
809,code,qwen_local,1,0.0,260,0.8799999999999999
810,creative,qwen_local,1,0.0,260,0.8799999999999999
811,math,fireworks_small,0,0.015,400,0.0
812,qa,phi3_local,1,0.0,180,0.9169230769230768
813,qa,phi3_local,1,0.0,180,0.9169230769230768
814,qa,phi3_local,1,0.0,180,0.9169230769230768
815,qa,phi3_local,1,0.0,180,0.9169230769230768
816,qa,phi3_local,1,0.0,180,0.9169230769230768
817,math,fireworks_small,1,0.015,400,0.7807692307692307
818,qa,phi3_local,1,0.0,180,0.9169230769230768
819,code,qwen_local,1,0.0,260,0.8799999999999999
820,math,fireworks_small,0,0.015,400,0.0
821,math,fireworks_small,1,0.015,400,0.7807692307692307
822,math,fireworks_small,1,0.015,400,0.7807692307692307
823,creative,phi3_local,1,0.0,180,0.9169230769230768
824,code,qwen_local,1,0.0,260,0.8799999999999999
825,math,fireworks_small,1,0.015,400,0.7807692307692307
826,code,qwen_local,1,0.0,260,0.8799999999999999
827,code,qwen_local,1,0.0,260,0.8799999999999999
828,creative,phi3_local,1,0.0,180,0.9169230769230768
829,creative,qwen_local,0,0.0,260,0.0
830,qa,phi3_local,0,0.0,180,0.0
831,math,fireworks_small,1,0.015,400,0.7807692307692307
832,math,fireworks_small,1,0.015,400,0.7807692307692307
833,code,qwen_local,1,0.0,260,0.8799999999999999
834,math,fireworks_small,1,0.015,400,0.7807692307692307
835,creative,qwen_local,0,0.0,260,0.0
836,code,qwen_local,0,0.0,260,0.0
837,creative,phi3_local,1,0.0,180,0.9169230769230768
838,code,qwen_local,0,0.0,260,0.0
839,creative,phi3_local,0,0.0,180,0.0
840,code,qwen_local,1,0.0,260,0.8799999999999999
841,creative,phi3_local,1,0.0,180,0.9169230769230768
842,code,qwen_local,1,0.0,260,0.8799999999999999
843,creative,phi3_local,1,0.0,180,0.9169230769230768
844,qa,phi3_local,1,0.0,180,0.9169230769230768
845,qa,fireworks_small,1,0.015,400,0.7807692307692307
846,math,fireworks_small,1,0.015,400,0.7807692307692307
847,creative,qwen_local,1,0.0,260,0.8799999999999999
848,qa,phi3_local,0,0.0,180,0.0
849,code,qwen_local,1,0.0,260,0.8799999999999999
850,math,fireworks_small,1,0.015,400,0.7807692307692307
851,creative,qwen_local,0,0.0,260,0.0
852,creative,phi3_local,1,0.0,180,0.9169230769230768
853,qa,fireworks_small,1,0.015,400,0.7807692307692307
854,code,qwen_local,0,0.0,260,0.0
855,creative,phi3_local,1,0.0,180,0.9169230769230768
856,qa,qwen_local,1,0.0,260,0.8799999999999999
857,code,qwen_local,0,0.0,260,0.0
858,qa,phi3_local,1,0.0,180,0.9169230769230768
859,code,qwen_local,1,0.0,260,0.8799999999999999
860,creative,phi3_local,1,0.0,180,0.9169230769230768
861,creative,phi3_local,1,0.0,180,0.9169230769230768
862,code,qwen_local,1,0.0,260,0.8799999999999999
863,qa,phi3_local,1,0.0,180,0.9169230769230768
864,qa,phi3_local,1,0.0,180,0.9169230769230768
865,math,fireworks_small,1,0.015,400,0.7807692307692307
866,qa,phi3_local,1,0.0,180,0.9169230769230768
867,qa,phi3_local,1,0.0,180,0.9169230769230768
868,creative,phi3_local,1,0.0,180,0.9169230769230768
869,math,fireworks_small,0,0.015,400,0.0
870,qa,fireworks_small,0,0.015,400,0.0
871,math,fireworks_small,1,0.015,400,0.7807692307692307
872,qa,phi3_local,0,0.0,180,0.0
873,qa,phi3_local,1,0.0,180,0.9169230769230768
874,math,fireworks_small,1,0.015,400,0.7807692307692307
875,math,fireworks_small,1,0.015,400,0.7807692307692307
876,qa,fireworks_small,1,0.015,400,0.7807692307692307
877,math,fireworks_small,1,0.015,400,0.7807692307692307
878,qa,phi3_local,1,0.0,180,0.9169230769230768
879,math,fireworks_small,0,0.015,400,0.0
880,code,qwen_local,1,0.0,260,0.8799999999999999
881,math,fireworks_small,0,0.015,400,0.0
882,creative,phi3_local,1,0.0,180,0.9169230769230768
883,math,fireworks_small,1,0.015,400,0.7807692307692307
884,math,fireworks_small,1,0.015,400,0.7807692307692307
885,qa,phi3_local,1,0.0,180,0.9169230769230768
886,creative,phi3_local,1,0.0,180,0.9169230769230768
887,qa,phi3_local,1,0.0,180,0.9169230769230768
888,qa,phi3_local,1,0.0,180,0.9169230769230768
889,code,qwen_local,0,0.0,260,0.0
890,code,fireworks_small,1,0.015,400,0.7807692307692307
891,math,fireworks_small,1,0.015,400,0.7807692307692307
892,creative,phi3_local,0,0.0,180,0.0
893,math,fireworks_small,1,0.015,400,0.7807692307692307
894,code,fireworks_small,1,0.015,400,0.7807692307692307
895,code,fireworks_small,1,0.015,400,0.7807692307692307
896,qa,phi3_local,1,0.0,180,0.9169230769230768
897,code,qwen_local,1,0.0,260,0.8799999999999999
898,qa,phi3_local,1,0.0,180,0.9169230769230768
899,qa,phi3_local,1,0.0,180,0.9169230769230768
900,qa,phi3_local,1,0.0,180,0.9169230769230768
901,code,qwen_local,1,0.0,260,0.8799999999999999
902,code,qwen_local,1,0.0,260,0.8799999999999999
903,math,fireworks_small,1,0.015,400,0.7807692307692307
904,creative,phi3_local,1,0.0,180,0.9169230769230768
905,math,fireworks_small,0,0.015,400,0.0
906,creative,phi3_local,1,0.0,180,0.9169230769230768
907,creative,phi3_local,0,0.0,180,0.0
908,code,qwen_local,1,0.0,260,0.8799999999999999
909,code,fireworks_small,1,0.015,400,0.7807692307692307
910,qa,phi3_local,1,0.0,180,0.9169230769230768
911,qa,phi3_local,0,0.0,180,0.0
912,qa,phi3_local,0,0.0,180,0.0
913,creative,phi3_local,0,0.0,180,0.0
914,creative,phi3_local,0,0.0,180,0.0
915,code,qwen_local,1,0.0,260,0.8799999999999999
916,math,fireworks_small,1,0.015,400,0.7807692307692307
917,qa,phi3_local,1,0.0,180,0.9169230769230768
918,creative,phi3_local,1,0.0,180,0.9169230769230768
919,qa,qwen_local,0,0.0,260,0.0
920,math,fireworks_small,1,0.015,400,0.7807692307692307
921,math,fireworks_small,1,0.015,400,0.7807692307692307
922,creative,phi3_local,1,0.0,180,0.9169230769230768
923,creative,phi3_local,1,0.0,180,0.9169230769230768
924,creative,phi3_local,1,0.0,180,0.9169230769230768
925,creative,qwen_local,0,0.0,260,0.0
926,qa,phi3_local,1,0.0,180,0.9169230769230768
927,qa,phi3_local,1,0.0,180,0.9169230769230768
928,code,qwen_local,1,0.0,260,0.8799999999999999
929,math,fireworks_small,1,0.015,400,0.7807692307692307
930,math,fireworks_small,1,0.015,400,0.7807692307692307
931,code,fireworks_small,1,0.015,400,0.7807692307692307
932,math,fireworks_small,1,0.015,400,0.7807692307692307
933,code,qwen_local,0,0.0,260,0.0
934,math,fireworks_small,1,0.015,400,0.7807692307692307
935,creative,phi3_local,1,0.0,180,0.9169230769230768
936,code,qwen_local,1,0.0,260,0.8799999999999999
937,math,fireworks_small,1,0.015,400,0.7807692307692307
938,creative,phi3_local,0,0.0,180,0.0
939,code,fireworks_small,1,0.015,400,0.7807692307692307
940,creative,fireworks_small,1,0.015,400,0.7807692307692307
941,code,qwen_local,1,0.0,260,0.8799999999999999
942,qa,phi3_local,0,0.0,180,0.0
943,qa,fireworks_small,1,0.015,400,0.7807692307692307
944,qa,phi3_local,0,0.0,180,0.0
945,qa,fireworks_small,1,0.015,400,0.7807692307692307
946,qa,phi3_local,1,0.0,180,0.9169230769230768
947,creative,phi3_local,1,0.0,180,0.9169230769230768
948,qa,phi3_local,1,0.0,180,0.9169230769230768
949,creative,phi3_local,0,0.0,180,0.0
950,creative,phi3_local,1,0.0,180,0.9169230769230768
951,creative,phi3_local,1,0.0,180,0.9169230769230768
952,code,qwen_local,0,0.0,260,0.0
953,code,qwen_local,1,0.0,260,0.8799999999999999
954,code,qwen_local,1,0.0,260,0.8799999999999999
955,qa,phi3_local,1,0.0,180,0.9169230769230768
956,math,fireworks_small,0,0.015,400,0.0
957,math,fireworks_small,0,0.015,400,0.0
958,code,qwen_local,1,0.0,260,0.8799999999999999
959,creative,phi3_local,1,0.0,180,0.9169230769230768
960,creative,phi3_local,1,0.0,180,0.9169230769230768
961,qa,phi3_local,0,0.0,180,0.0
962,math,fireworks_small,1,0.015,400,0.7807692307692307
963,qa,phi3_local,1,0.0,180,0.9169230769230768
964,math,fireworks_small,1,0.015,400,0.7807692307692307
965,math,fireworks_small,1,0.015,400,0.7807692307692307
966,code,qwen_local,0,0.0,260,0.0
967,code,qwen_local,0,0.0,260,0.0
968,creative,phi3_local,0,0.0,180,0.0
969,code,qwen_local,1,0.0,260,0.8799999999999999
970,qa,phi3_local,1,0.0,180,0.9169230769230768
971,qa,fireworks_small,0,0.015,400,0.0
972,creative,phi3_local,1,0.0,180,0.9169230769230768
973,math,fireworks_small,1,0.015,400,0.7807692307692307
974,qa,phi3_local,0,0.0,180,0.0
975,code,fireworks_small,0,0.015,400,0.0
976,code,qwen_local,1,0.0,260,0.8799999999999999
977,creative,phi3_local,0,0.0,180,0.0
978,creative,phi3_local,1,0.0,180,0.9169230769230768
979,code,qwen_local,1,0.0,260,0.8799999999999999
980,creative,phi3_local,1,0.0,180,0.9169230769230768
981,qa,fireworks_small,0,0.015,400,0.0
982,qa,phi3_local,1,0.0,180,0.9169230769230768
983,math,fireworks_small,1,0.015,400,0.7807692307692307
984,math,fireworks_small,0,0.015,400,0.0
985,qa,phi3_local,1,0.0,180,0.9169230769230768
986,code,qwen_local,0,0.0,260,0.0
987,creative,fireworks_small,0,0.015,400,0.0
988,math,fireworks_small,1,0.015,400,0.7807692307692307
989,creative,phi3_local,1,0.0,180,0.9169230769230768
990,code,qwen_local,1,0.0,260,0.8799999999999999
991,code,qwen_local,0,0.0,260,0.0
992,qa,phi3_local,1,0.0,180,0.9169230769230768
993,qa,phi3_local,1,0.0,180,0.9169230769230768
994,math,fireworks_small,1,0.015,400,0.7807692307692307
995,qa,phi3_local,1,0.0,180,0.9169230769230768
996,creative,phi3_local,1,0.0,180,0.9169230769230768
997,code,fireworks_large,0,0.09,900,0.0
998,math,fireworks_small,0,0.015,400,0.0
999,creative,phi3_local,0,0.0,180,0.0
1000,math,qwen_local,0,0.0,260,0.0
1001,creative,phi3_local,0,0.0,180,0.0
1002,math,fireworks_small,1,0.015,400,0.7807692307692307
1003,code,qwen_local,1,0.0,260,0.8799999999999999
1004,qa,phi3_local,0,0.0,180,0.0
1005,code,qwen_local,1,0.0,260,0.8799999999999999
1006,qa,phi3_local,1,0.0,180,0.9169230769230768
1007,creative,phi3_local,1,0.0,180,0.9169230769230768
1008,qa,phi3_local,1,0.0,180,0.9169230769230768
1009,math,fireworks_small,1,0.015,400,0.7807692307692307
1010,qa,phi3_local,1,0.0,180,0.9169230769230768
1011,math,fireworks_small,1,0.015,400,0.7807692307692307
1012,creative,phi3_local,1,0.0,180,0.9169230769230768
1013,qa,phi3_local,1,0.0,180,0.9169230769230768
1014,math,fireworks_small,1,0.015,400,0.7807692307692307
1015,creative,phi3_local,1,0.0,180,0.9169230769230768
1016,math,fireworks_small,1,0.015,400,0.7807692307692307
1017,math,fireworks_small,1,0.015,400,0.7807692307692307
1018,math,fireworks_small,1,0.015,400,0.7807692307692307
1019,qa,phi3_local,1,0.0,180,0.9169230769230768
1020,qa,phi3_local,0,0.0,180,0.0
1021,qa,phi3_local,1,0.0,180,0.9169230769230768
1022,math,fireworks_small,1,0.015,400,0.7807692307692307
1023,math,fireworks_small,1,0.015,400,0.7807692307692307
1024,creative,phi3_local,1,0.0,180,0.9169230769230768
1025,creative,phi3_local,1,0.0,180,0.9169230769230768
1026,math,fireworks_small,1,0.015,400,0.7807692307692307
1027,qa,phi3_local,0,0.0,180,0.0
1028,math,fireworks_small,1,0.015,400,0.7807692307692307
1029,math,fireworks_small,1,0.015,400,0.7807692307692307
1030,code,fireworks_small,1,0.015,400,0.7807692307692307
1031,qa,phi3_local,1,0.0,180,0.9169230769230768
1032,math,fireworks_small,1,0.015,400,0.7807692307692307
1033,creative,phi3_local,1,0.0,180,0.9169230769230768
1034,qa,phi3_local,0,0.0,180,0.0
1035,code,fireworks_small,1,0.015,400,0.7807692307692307
1036,math,fireworks_small,1,0.015,400,0.7807692307692307
1037,qa,phi3_local,1,0.0,180,0.9169230769230768
1038,math,fireworks_small,1,0.015,400,0.7807692307692307
1039,code,qwen_local,1,0.0,260,0.8799999999999999
1040,qa,phi3_local,1,0.0,180,0.9169230769230768
1041,math,fireworks_small,1,0.015,400,0.7807692307692307
1042,creative,phi3_local,1,0.0,180,0.9169230769230768
1043,creative,phi3_local,1,0.0,180,0.9169230769230768
1044,math,fireworks_small,1,0.015,400,0.7807692307692307
1045,code,qwen_local,1,0.0,260,0.8799999999999999
1046,math,fireworks_small,1,0.015,400,0.7807692307692307
1047,math,fireworks_small,1,0.015,400,0.7807692307692307
1048,qa,phi3_local,1,0.0,180,0.9169230769230768
1049,creative,phi3_local,0,0.0,180,0.0
1050,creative,phi3_local,0,0.0,180,0.0
1051,creative,phi3_local,1,0.0,180,0.9169230769230768
1052,math,fireworks_small,0,0.015,400,0.0
1053,creative,phi3_local,1,0.0,180,0.9169230769230768
1054,creative,phi3_local,1,0.0,180,0.9169230769230768
1055,code,qwen_local,1,0.0,260,0.8799999999999999
1056,code,qwen_local,1,0.0,260,0.8799999999999999
1057,qa,phi3_local,0,0.0,180,0.0
1058,creative,phi3_local,1,0.0,180,0.9169230769230768
1059,code,qwen_local,1,0.0,260,0.8799999999999999
1060,math,fireworks_large,1,0.09,900,0.37692307692307697
1061,code,qwen_local,1,0.0,260,0.8799999999999999
1062,qa,fireworks_small,0,0.015,400,0.0
1063,qa,phi3_local,1,0.0,180,0.9169230769230768
1064,code,qwen_local,0,0.0,260,0.0
1065,creative,phi3_local,1,0.0,180,0.9169230769230768
1066,creative,phi3_local,1,0.0,180,0.9169230769230768
1067,qa,phi3_local,0,0.0,180,0.0
1068,qa,phi3_local,1,0.0,180,0.9169230769230768
1069,creative,phi3_local,1,0.0,180,0.9169230769230768
1070,qa,phi3_local,1,0.0,180,0.9169230769230768
1071,creative,phi3_local,1,0.0,180,0.9169230769230768
1072,math,fireworks_small,0,0.015,400,0.0
1073,creative,phi3_local,1,0.0,180,0.9169230769230768
1074,qa,phi3_local,0,0.0,180,0.0
1075,qa,phi3_local,1,0.0,180,0.9169230769230768
1076,qa,phi3_local,1,0.0,180,0.9169230769230768
1077,math,fireworks_small,1,0.015,400,0.7807692307692307
1078,creative,phi3_local,0,0.0,180,0.0
1079,qa,fireworks_small,1,0.015,400,0.7807692307692307
1080,code,qwen_local,1,0.0,260,0.8799999999999999
1081,qa,phi3_local,1,0.0,180,0.9169230769230768
1082,qa,phi3_local,0,0.0,180,0.0
1083,qa,phi3_local,1,0.0,180,0.9169230769230768
1084,qa,phi3_local,1,0.0,180,0.9169230769230768
1085,creative,phi3_local,0,0.0,180,0.0
1086,creative,phi3_local,1,0.0,180,0.9169230769230768
1087,creative,phi3_local,1,0.0,180,0.9169230769230768
1088,creative,fireworks_small,1,0.015,400,0.7807692307692307
1089,qa,phi3_local,1,0.0,180,0.9169230769230768
1090,code,qwen_local,1,0.0,260,0.8799999999999999
1091,math,fireworks_small,1,0.015,400,0.7807692307692307
1092,math,fireworks_small,1,0.015,400,0.7807692307692307
1093,code,qwen_local,0,0.0,260,0.0
1094,creative,phi3_local,1,0.0,180,0.9169230769230768
1095,creative,phi3_local,1,0.0,180,0.9169230769230768
1096,code,qwen_local,1,0.0,260,0.8799999999999999
1097,math,phi3_local,0,0.0,180,0.0
1098,creative,phi3_local,1,0.0,180,0.9169230769230768
1099,qa,phi3_local,1,0.0,180,0.9169230769230768
1100,qa,phi3_local,0,0.0,180,0.0
1101,creative,phi3_local,1,0.0,180,0.9169230769230768
1102,creative,phi3_local,1,0.0,180,0.9169230769230768
1103,creative,phi3_local,0,0.0,180,0.0
1104,creative,phi3_local,0,0.0,180,0.0
1105,code,fireworks_small,1,0.015,400,0.7807692307692307
1106,qa,phi3_local,1,0.0,180,0.9169230769230768
1107,creative,phi3_local,1,0.0,180,0.9169230769230768
1108,math,fireworks_small,1,0.015,400,0.7807692307692307
1109,math,fireworks_small,0,0.015,400,0.0
1110,qa,phi3_local,1,0.0,180,0.9169230769230768
1111,math,phi3_local,0,0.0,180,0.0
1112,creative,phi3_local,1,0.0,180,0.9169230769230768
1113,code,fireworks_small,0,0.015,400,0.0
1114,code,qwen_local,1,0.0,260,0.8799999999999999
1115,code,fireworks_small,0,0.015,400,0.0
1116,math,fireworks_small,0,0.015,400,0.0
1117,qa,phi3_local,1,0.0,180,0.9169230769230768
1118,math,fireworks_small,1,0.015,400,0.7807692307692307
1119,math,fireworks_small,1,0.015,400,0.7807692307692307
1120,creative,phi3_local,0,0.0,180,0.0
1121,qa,phi3_local,1,0.0,180,0.9169230769230768
1122,code,qwen_local,0,0.0,260,0.0
1123,creative,phi3_local,1,0.0,180,0.9169230769230768
1124,math,fireworks_small,1,0.015,400,0.7807692307692307
1125,qa,phi3_local,1,0.0,180,0.9169230769230768
1126,creative,phi3_local,1,0.0,180,0.9169230769230768
1127,code,qwen_local,1,0.0,260,0.8799999999999999
1128,qa,fireworks_small,1,0.015,400,0.7807692307692307
1129,code,qwen_local,1,0.0,260,0.8799999999999999
1130,math,fireworks_small,1,0.015,400,0.7807692307692307
1131,math,fireworks_small,1,0.015,400,0.7807692307692307
1132,creative,phi3_local,1,0.0,180,0.9169230769230768
1133,qa,phi3_local,0,0.0,180,0.0
1134,code,fireworks_small,1,0.015,400,0.7807692307692307
1135,math,fireworks_small,1,0.015,400,0.7807692307692307
1136,qa,phi3_local,1,0.0,180,0.9169230769230768
1137,math,fireworks_small,1,0.015,400,0.7807692307692307
1138,qa,phi3_local,1,0.0,180,0.9169230769230768
1139,code,qwen_local,0,0.0,260,0.0
1140,math,fireworks_small,1,0.015,400,0.7807692307692307
1141,qa,phi3_local,1,0.0,180,0.9169230769230768
1142,math,fireworks_small,1,0.015,400,0.7807692307692307
1143,qa,phi3_local,1,0.0,180,0.9169230769230768
1144,creative,phi3_local,1,0.0,180,0.9169230769230768
1145,math,fireworks_small,1,0.015,400,0.7807692307692307
1146,qa,phi3_local,1,0.0,180,0.9169230769230768
1147,qa,fireworks_small,1,0.015,400,0.7807692307692307
1148,math,fireworks_small,1,0.015,400,0.7807692307692307
1149,code,qwen_local,0,0.0,260,0.0
1150,math,fireworks_small,1,0.015,400,0.7807692307692307
1151,code,qwen_local,1,0.0,260,0.8799999999999999
1152,code,fireworks_small,1,0.015,400,0.7807692307692307
1153,qa,phi3_local,1,0.0,180,0.9169230769230768
1154,creative,phi3_local,1,0.0,180,0.9169230769230768
1155,qa,qwen_local,0,0.0,260,0.0
1156,math,fireworks_small,1,0.015,400,0.7807692307692307
1157,qa,phi3_local,0,0.0,180,0.0
1158,qa,phi3_local,1,0.0,180,0.9169230769230768
1159,code,qwen_local,1,0.0,260,0.8799999999999999
1160,math,fireworks_small,1,0.015,400,0.7807692307692307
1161,code,qwen_local,1,0.0,260,0.8799999999999999
1162,math,fireworks_small,1,0.015,400,0.7807692307692307
1163,code,qwen_local,1,0.0,260,0.8799999999999999
1164,creative,phi3_local,1,0.0,180,0.9169230769230768
1165,code,fireworks_small,1,0.015,400,0.7807692307692307
1166,math,fireworks_small,1,0.015,400,0.7807692307692307
1167,code,fireworks_small,1,0.015,400,0.7807692307692307
1168,qa,fireworks_small,1,0.015,400,0.7807692307692307
1169,qa,phi3_local,0,0.0,180,0.0
1170,code,qwen_local,1,0.0,260,0.8799999999999999
1171,creative,fireworks_small,1,0.015,400,0.7807692307692307
1172,code,qwen_local,1,0.0,260,0.8799999999999999
1173,code,qwen_local,1,0.0,260,0.8799999999999999
1174,math,fireworks_small,0,0.015,400,0.0
1175,math,fireworks_small,1,0.015,400,0.7807692307692307
1176,code,qwen_local,1,0.0,260,0.8799999999999999
1177,math,fireworks_small,1,0.015,400,0.7807692307692307
1178,math,fireworks_small,1,0.015,400,0.7807692307692307
1179,qa,fireworks_small,1,0.015,400,0.7807692307692307
1180,creative,phi3_local,1,0.0,180,0.9169230769230768
1181,math,fireworks_small,1,0.015,400,0.7807692307692307
1182,code,qwen_local,0,0.0,260,0.0
1183,qa,phi3_local,1,0.0,180,0.9169230769230768
1184,creative,phi3_local,1,0.0,180,0.9169230769230768
1185,code,qwen_local,1,0.0,260,0.8799999999999999
1186,code,qwen_local,1,0.0,260,0.8799999999999999
1187,code,phi3_local,0,0.0,180,0.0
1188,creative,phi3_local,1,0.0,180,0.9169230769230768
1189,code,fireworks_small,0,0.015,400,0.0
1190,code,fireworks_small,1,0.015,400,0.7807692307692307
1191,math,phi3_local,1,0.0,180,0.9169230769230768
1192,qa,phi3_local,1,0.0,180,0.9169230769230768
1193,code,qwen_local,1,0.0,260,0.8799999999999999
1194,code,qwen_local,1,0.0,260,0.8799999999999999
1195,code,qwen_local,1,0.0,260,0.8799999999999999
1196,creative,phi3_local,1,0.0,180,0.9169230769230768
1197,math,fireworks_small,1,0.015,400,0.7807692307692307
1198,math,fireworks_small,1,0.015,400,0.7807692307692307
1199,creative,phi3_local,1,0.0,180,0.9169230769230768
1200,creative,qwen_local,1,0.0,260,0.8799999999999999
1201,qa,phi3_local,1,0.0,180,0.9169230769230768
1202,math,fireworks_small,1,0.015,400,0.7807692307692307
1203,math,fireworks_small,1,0.015,400,0.7807692307692307
1204,creative,phi3_local,1,0.0,180,0.9169230769230768
1205,creative,phi3_local,1,0.0,180,0.9169230769230768
1206,code,fireworks_small,1,0.015,400,0.7807692307692307
1207,creative,phi3_local,1,0.0,180,0.9169230769230768
1208,creative,phi3_local,0,0.0,180,0.0
1209,qa,phi3_local,1,0.0,180,0.9169230769230768
1210,code,qwen_local,1,0.0,260,0.8799999999999999
1211,code,qwen_local,1,0.0,260,0.8799999999999999
1212,qa,phi3_local,1,0.0,180,0.9169230769230768
1213,creative,phi3_local,1,0.0,180,0.9169230769230768
1214,creative,phi3_local,1,0.0,180,0.9169230769230768
1215,math,fireworks_small,1,0.015,400,0.7807692307692307
1216,math,fireworks_small,1,0.015,400,0.7807692307692307
1217,qa,qwen_local,1,0.0,260,0.8799999999999999
1218,code,qwen_local,1,0.0,260,0.8799999999999999
1219,math,fireworks_small,1,0.015,400,0.7807692307692307
1220,code,qwen_local,1,0.0,260,0.8799999999999999
1221,qa,phi3_local,1,0.0,180,0.9169230769230768
1222,qa,phi3_local,1,0.0,180,0.9169230769230768
1223,qa,phi3_local,1,0.0,180,0.9169230769230768
1224,qa,phi3_local,1,0.0,180,0.9169230769230768
1225,code,qwen_local,1,0.0,260,0.8799999999999999
1226,creative,phi3_local,0,0.0,180,0.0
1227,math,fireworks_small,1,0.015,400,0.7807692307692307
1228,qa,phi3_local,1,0.0,180,0.9169230769230768
1229,code,qwen_local,1,0.0,260,0.8799999999999999
1230,qa,phi3_local,1,0.0,180,0.9169230769230768
1231,creative,phi3_local,1,0.0,180,0.9169230769230768
1232,math,fireworks_small,1,0.015,400,0.7807692307692307
1233,code,qwen_local,1,0.0,260,0.8799999999999999
1234,creative,phi3_local,1,0.0,180,0.9169230769230768
1235,math,fireworks_small,1,0.015,400,0.7807692307692307
1236,qa,phi3_local,0,0.0,180,0.0
1237,qa,phi3_local,0,0.0,180,0.0
1238,code,qwen_local,1,0.0,260,0.8799999999999999
1239,creative,phi3_local,1,0.0,180,0.9169230769230768
1240,code,qwen_local,1,0.0,260,0.8799999999999999
1241,creative,phi3_local,1,0.0,180,0.9169230769230768
1242,qa,fireworks_small,0,0.015,400,0.0
1243,math,fireworks_small,0,0.015,400,0.0
1244,creative,phi3_local,1,0.0,180,0.9169230769230768
1245,qa,phi3_local,1,0.0,180,0.9169230769230768
1246,creative,phi3_local,1,0.0,180,0.9169230769230768
1247,creative,phi3_local,1,0.0,180,0.9169230769230768
1248,math,fireworks_small,1,0.015,400,0.7807692307692307
1249,qa,phi3_local,1,0.0,180,0.9169230769230768
1250,creative,phi3_local,1,0.0,180,0.9169230769230768
1251,qa,phi3_local,1,0.0,180,0.9169230769230768
1252,math,fireworks_small,0,0.015,400,0.0
1253,code,qwen_local,0,0.0,260,0.0
1254,qa,phi3_local,1,0.0,180,0.9169230769230768
1255,math,fireworks_small,1,0.015,400,0.7807692307692307
1256,math,fireworks_small,0,0.015,400,0.0
1257,code,qwen_local,1,0.0,260,0.8799999999999999
1258,creative,phi3_local,1,0.0,180,0.9169230769230768
1259,qa,phi3_local,1,0.0,180,0.9169230769230768
1260,math,fireworks_small,1,0.015,400,0.7807692307692307
1261,math,fireworks_small,1,0.015,400,0.7807692307692307
1262,creative,fireworks_large,1,0.09,900,0.37692307692307697
1263,code,qwen_local,1,0.0,260,0.8799999999999999
1264,code,qwen_local,1,0.0,260,0.8799999999999999
1265,creative,phi3_local,1,0.0,180,0.9169230769230768
1266,code,qwen_local,1,0.0,260,0.8799999999999999
1267,creative,phi3_local,0,0.0,180,0.0
1268,code,qwen_local,1,0.0,260,0.8799999999999999
1269,qa,phi3_local,0,0.0,180,0.0
1270,code,qwen_local,1,0.0,260,0.8799999999999999
1271,code,qwen_local,1,0.0,260,0.8799999999999999
1272,math,fireworks_small,1,0.015,400,0.7807692307692307
1273,math,fireworks_small,0,0.015,400,0.0
1274,creative,phi3_local,1,0.0,180,0.9169230769230768
1275,creative,fireworks_large,1,0.09,900,0.37692307692307697
1276,creative,phi3_local,0,0.0,180,0.0
1277,qa,phi3_local,1,0.0,180,0.9169230769230768
1278,creative,phi3_local,1,0.0,180,0.9169230769230768
1279,code,qwen_local,1,0.0,260,0.8799999999999999
1280,creative,phi3_local,1,0.0,180,0.9169230769230768
1281,creative,phi3_local,1,0.0,180,0.9169230769230768
1282,creative,phi3_local,1,0.0,180,0.9169230769230768
1283,math,fireworks_small,1,0.015,400,0.7807692307692307
1284,math,fireworks_small,1,0.015,400,0.7807692307692307
1285,qa,phi3_local,0,0.0,180,0.0
1286,math,fireworks_small,1,0.015,400,0.7807692307692307
1287,math,fireworks_small,1,0.015,400,0.7807692307692307
1288,math,fireworks_small,0,0.015,400,0.0
1289,code,fireworks_small,0,0.015,400,0.0
1290,creative,phi3_local,1,0.0,180,0.9169230769230768
1291,code,qwen_local,1,0.0,260,0.8799999999999999
1292,creative,phi3_local,1,0.0,180,0.9169230769230768
1293,creative,phi3_local,1,0.0,180,0.9169230769230768
1294,math,fireworks_small,1,0.015,400,0.7807692307692307
1295,code,qwen_local,1,0.0,260,0.8799999999999999
1296,creative,phi3_local,1,0.0,180,0.9169230769230768
1297,code,qwen_local,1,0.0,260,0.8799999999999999
1298,qa,phi3_local,1,0.0,180,0.9169230769230768
1299,qa,fireworks_large,0,0.09,900,0.0
1300,math,fireworks_small,1,0.015,400,0.7807692307692307
1301,code,qwen_local,1,0.0,260,0.8799999999999999
1302,math,fireworks_small,1,0.015,400,0.7807692307692307
1303,qa,phi3_local,1,0.0,180,0.9169230769230768
1304,qa,phi3_local,1,0.0,180,0.9169230769230768
1305,qa,phi3_local,1,0.0,180,0.9169230769230768
1306,math,fireworks_small,1,0.015,400,0.7807692307692307
1307,math,fireworks_small,1,0.015,400,0.7807692307692307
1308,creative,phi3_local,0,0.0,180,0.0
1309,creative,phi3_local,1,0.0,180,0.9169230769230768
1310,code,qwen_local,1,0.0,260,0.8799999999999999
1311,code,qwen_local,1,0.0,260,0.8799999999999999
1312,code,qwen_local,1,0.0,260,0.8799999999999999
1313,math,fireworks_small,0,0.015,400,0.0
1314,math,fireworks_small,0,0.015,400,0.0
1315,creative,phi3_local,0,0.0,180,0.0
1316,creative,phi3_local,0,0.0,180,0.0
1317,code,qwen_local,1,0.0,260,0.8799999999999999
1318,creative,phi3_local,1,0.0,180,0.9169230769230768
1319,code,qwen_local,1,0.0,260,0.8799999999999999
1320,math,fireworks_small,1,0.015,400,0.7807692307692307
1321,math,fireworks_small,1,0.015,400,0.7807692307692307
1322,math,fireworks_small,1,0.015,400,0.7807692307692307
1323,code,qwen_local,1,0.0,260,0.8799999999999999
1324,code,qwen_local,1,0.0,260,0.8799999999999999
1325,creative,phi3_local,1,0.0,180,0.9169230769230768
1326,math,fireworks_small,1,0.015,400,0.7807692307692307
1327,qa,phi3_local,0,0.0,180,0.0
1328,qa,phi3_local,0,0.0,180,0.0
1329,creative,phi3_local,1,0.0,180,0.9169230769230768
1330,code,qwen_local,1,0.0,260,0.8799999999999999
1331,code,qwen_local,1,0.0,260,0.8799999999999999
1332,math,fireworks_small,1,0.015,400,0.7807692307692307
1333,creative,phi3_local,0,0.0,180,0.0
1334,qa,phi3_local,0,0.0,180,0.0
1335,code,qwen_local,0,0.0,260,0.0
1336,math,fireworks_small,1,0.015,400,0.7807692307692307
1337,math,fireworks_small,1,0.015,400,0.7807692307692307
1338,qa,phi3_local,0,0.0,180,0.0
1339,code,qwen_local,1,0.0,260,0.8799999999999999
1340,code,fireworks_small,1,0.015,400,0.7807692307692307
1341,math,fireworks_small,1,0.015,400,0.7807692307692307
1342,qa,phi3_local,1,0.0,180,0.9169230769230768
1343,math,fireworks_small,1,0.015,400,0.7807692307692307
1344,code,qwen_local,1,0.0,260,0.8799999999999999
1345,creative,phi3_local,1,0.0,180,0.9169230769230768
1346,creative,phi3_local,0,0.0,180,0.0
1347,code,qwen_local,1,0.0,260,0.8799999999999999
1348,qa,phi3_local,0,0.0,180,0.0
1349,math,fireworks_small,1,0.015,400,0.7807692307692307
1350,math,fireworks_small,1,0.015,400,0.7807692307692307
1351,code,qwen_local,1,0.0,260,0.8799999999999999
1352,code,qwen_local,0,0.0,260,0.0
1353,creative,phi3_local,0,0.0,180,0.0
1354,qa,phi3_local,1,0.0,180,0.9169230769230768
1355,code,qwen_local,1,0.0,260,0.8799999999999999
1356,code,qwen_local,0,0.0,260,0.0
1357,code,qwen_local,1,0.0,260,0.8799999999999999
1358,qa,phi3_local,1,0.0,180,0.9169230769230768
1359,creative,phi3_local,1,0.0,180,0.9169230769230768
1360,qa,phi3_local,1,0.0,180,0.9169230769230768
1361,qa,phi3_local,1,0.0,180,0.9169230769230768
1362,creative,phi3_local,1,0.0,180,0.9169230769230768
1363,math,fireworks_small,1,0.015,400,0.7807692307692307
1364,creative,phi3_local,1,0.0,180,0.9169230769230768
1365,math,fireworks_small,1,0.015,400,0.7807692307692307
1366,qa,phi3_local,0,0.0,180,0.0
1367,qa,phi3_local,1,0.0,180,0.9169230769230768
1368,code,qwen_local,1,0.0,260,0.8799999999999999
1369,code,qwen_local,1,0.0,260,0.8799999999999999
1370,math,fireworks_small,0,0.015,400,0.0
1371,qa,phi3_local,1,0.0,180,0.9169230769230768
1372,qa,phi3_local,1,0.0,180,0.9169230769230768
1373,code,qwen_local,1,0.0,260,0.8799999999999999
1374,qa,phi3_local,0,0.0,180,0.0
1375,math,fireworks_small,1,0.015,400,0.7807692307692307
1376,math,fireworks_small,1,0.015,400,0.7807692307692307
1377,qa,phi3_local,1,0.0,180,0.9169230769230768
1378,math,fireworks_small,1,0.015,400,0.7807692307692307
1379,math,fireworks_small,1,0.015,400,0.7807692307692307
1380,qa,phi3_local,1,0.0,180,0.9169230769230768
1381,math,fireworks_small,1,0.015,400,0.7807692307692307
1382,math,fireworks_small,1,0.015,400,0.7807692307692307
1383,qa,qwen_local,1,0.0,260,0.8799999999999999
1384,math,qwen_local,0,0.0,260,0.0
1385,code,qwen_local,0,0.0,260,0.0
1386,math,fireworks_small,1,0.015,400,0.7807692307692307
1387,code,qwen_local,1,0.0,260,0.8799999999999999
1388,math,fireworks_small,1,0.015,400,0.7807692307692307
1389,qa,phi3_local,1,0.0,180,0.9169230769230768
1390,creative,phi3_local,1,0.0,180,0.9169230769230768
1391,code,qwen_local,1,0.0,260,0.8799999999999999
1392,math,fireworks_small,1,0.015,400,0.7807692307692307
1393,creative,phi3_local,0,0.0,180,0.0
1394,qa,phi3_local,0,0.0,180,0.0
1395,creative,phi3_local,0,0.0,180,0.0
1396,qa,phi3_local,0,0.0,180,0.0
1397,code,qwen_local,1,0.0,260,0.8799999999999999
1398,math,fireworks_small,1,0.015,400,0.7807692307692307
1399,code,qwen_local,1,0.0,260,0.8799999999999999
1400,qa,phi3_local,0,0.0,180,0.0
1401,math,fireworks_small,0,0.015,400,0.0
1402,code,qwen_local,1,0.0,260,0.8799999999999999
1403,qa,qwen_local,1,0.0,260,0.8799999999999999
1404,math,fireworks_small,1,0.015,400,0.7807692307692307
1405,creative,phi3_local,1,0.0,180,0.9169230769230768
1406,code,qwen_local,1,0.0,260,0.8799999999999999
1407,qa,phi3_local,1,0.0,180,0.9169230769230768
1408,qa,qwen_local,1,0.0,260,0.8799999999999999
1409,code,qwen_local,1,0.0,260,0.8799999999999999
1410,creative,phi3_local,1,0.0,180,0.9169230769230768
1411,math,fireworks_small,1,0.015,400,0.7807692307692307
1412,qa,fireworks_small,1,0.015,400,0.7807692307692307
1413,math,fireworks_small,1,0.015,400,0.7807692307692307
1414,math,fireworks_small,1,0.015,400,0.7807692307692307
1415,math,fireworks_small,1,0.015,400,0.7807692307692307
1416,math,fireworks_small,1,0.015,400,0.7807692307692307
1417,math,fireworks_small,1,0.015,400,0.7807692307692307
1418,creative,phi3_local,1,0.0,180,0.9169230769230768
1419,qa,phi3_local,0,0.0,180,0.0
1420,qa,phi3_local,1,0.0,180,0.9169230769230768
1421,qa,phi3_local,0,0.0,180,0.0
1422,creative,phi3_local,1,0.0,180,0.9169230769230768
1423,math,fireworks_small,1,0.015,400,0.7807692307692307
1424,code,qwen_local,1,0.0,260,0.8799999999999999
1425,math,fireworks_small,1,0.015,400,0.7807692307692307
1426,qa,fireworks_small,1,0.015,400,0.7807692307692307
1427,math,fireworks_small,1,0.015,400,0.7807692307692307
1428,qa,phi3_local,1,0.0,180,0.9169230769230768
1429,code,qwen_local,1,0.0,260,0.8799999999999999
1430,creative,phi3_local,1,0.0,180,0.9169230769230768
1431,math,fireworks_small,1,0.015,400,0.7807692307692307
1432,math,fireworks_small,1,0.015,400,0.7807692307692307
1433,math,fireworks_small,0,0.015,400,0.0
1434,qa,phi3_local,1,0.0,180,0.9169230769230768
1435,code,qwen_local,1,0.0,260,0.8799999999999999
1436,code,qwen_local,1,0.0,260,0.8799999999999999
1437,code,qwen_local,0,0.0,260,0.0
1438,qa,phi3_local,1,0.0,180,0.9169230769230768
1439,qa,qwen_local,1,0.0,260,0.8799999999999999
1440,code,qwen_local,0,0.0,260,0.0
1441,code,qwen_local,1,0.0,260,0.8799999999999999
1442,math,fireworks_small,1,0.015,400,0.7807692307692307
1443,creative,phi3_local,1,0.0,180,0.9169230769230768
1444,creative,phi3_local,1,0.0,180,0.9169230769230768
1445,math,fireworks_small,1,0.015,400,0.7807692307692307
1446,creative,phi3_local,1,0.0,180,0.9169230769230768
1447,code,qwen_local,0,0.0,260,0.0
1448,qa,phi3_local,1,0.0,180,0.9169230769230768
1449,creative,phi3_local,1,0.0,180,0.9169230769230768
1450,code,qwen_local,0,0.0,260,0.0
1451,code,qwen_local,1,0.0,260,0.8799999999999999
1452,math,fireworks_small,1,0.015,400,0.7807692307692307
1453,creative,phi3_local,0,0.0,180,0.0
1454,creative,phi3_local,1,0.0,180,0.9169230769230768
1455,qa,phi3_local,1,0.0,180,0.9169230769230768
1456,code,qwen_local,1,0.0,260,0.8799999999999999
1457,creative,phi3_local,1,0.0,180,0.9169230769230768
1458,creative,phi3_local,0,0.0,180,0.0
1459,creative,phi3_local,0,0.0,180,0.0
1460,math,fireworks_small,0,0.015,400,0.0
1461,qa,qwen_local,1,0.0,260,0.8799999999999999
1462,code,qwen_local,1,0.0,260,0.8799999999999999
1463,creative,phi3_local,1,0.0,180,0.9169230769230768
1464,math,fireworks_small,0,0.015,400,0.0
1465,creative,phi3_local,0,0.0,180,0.0
1466,math,fireworks_small,1,0.015,400,0.7807692307692307
1467,creative,phi3_local,1,0.0,180,0.9169230769230768
1468,code,qwen_local,1,0.0,260,0.8799999999999999
1469,creative,phi3_local,0,0.0,180,0.0
1470,creative,phi3_local,0,0.0,180,0.0
1471,math,fireworks_small,1,0.015,400,0.7807692307692307
1472,code,qwen_local,1,0.0,260,0.8799999999999999
1473,qa,phi3_local,0,0.0,180,0.0
1474,creative,phi3_local,0,0.0,180,0.0
1475,qa,qwen_local,1,0.0,260,0.8799999999999999
1476,qa,fireworks_small,1,0.015,400,0.7807692307692307
1477,creative,phi3_local,0,0.0,180,0.0
1478,math,fireworks_small,1,0.015,400,0.7807692307692307
1479,creative,qwen_local,0,0.0,260,0.0
1480,creative,phi3_local,0,0.0,180,0.0
1481,code,qwen_local,1,0.0,260,0.8799999999999999
1482,creative,phi3_local,1,0.0,180,0.9169230769230768
1483,creative,fireworks_small,0,0.015,400,0.0
1484,qa,phi3_local,1,0.0,180,0.9169230769230768
1485,qa,phi3_local,1,0.0,180,0.9169230769230768
1486,qa,phi3_local,1,0.0,180,0.9169230769230768
1487,math,fireworks_small,1,0.015,400,0.7807692307692307
1488,creative,phi3_local,1,0.0,180,0.9169230769230768
1489,creative,phi3_local,1,0.0,180,0.9169230769230768
1490,qa,phi3_local,1,0.0,180,0.9169230769230768
1491,creative,phi3_local,1,0.0,180,0.9169230769230768
1492,qa,phi3_local,1,0.0,180,0.9169230769230768
1493,math,fireworks_small,1,0.015,400,0.7807692307692307
1494,qa,phi3_local,1,0.0,180,0.9169230769230768
1495,qa,phi3_local,1,0.0,180,0.9169230769230768
1496,code,qwen_local,0,0.0,260,0.0
1497,math,fireworks_small,1,0.015,400,0.7807692307692307
1498,qa,phi3_local,1,0.0,180,0.9169230769230768
1499,creative,phi3_local,1,0.0,180,0.9169230769230768
1500,qa,phi3_local,1,0.0,180,0.9169230769230768
1501,qa,fireworks_small,1,0.015,400,0.7807692307692307
1502,qa,phi3_local,1,0.0,180,0.9169230769230768
1503,math,fireworks_small,1,0.015,400,0.7807692307692307
1504,math,fireworks_small,0,0.015,400,0.0
1505,math,fireworks_small,1,0.015,400,0.7807692307692307
1506,qa,phi3_local,1,0.0,180,0.9169230769230768
1507,math,fireworks_small,1,0.015,400,0.7807692307692307
1508,code,qwen_local,1,0.0,260,0.8799999999999999
1509,math,fireworks_small,1,0.015,400,0.7807692307692307
1510,creative,phi3_local,1,0.0,180,0.9169230769230768
1511,qa,qwen_local,0,0.0,260,0.0
1512,math,fireworks_small,1,0.015,400,0.7807692307692307
1513,math,fireworks_small,1,0.015,400,0.7807692307692307
1514,math,fireworks_small,1,0.015,400,0.7807692307692307
1515,creative,phi3_local,1,0.0,180,0.9169230769230768
1516,code,qwen_local,1,0.0,260,0.8799999999999999
1517,math,fireworks_small,1,0.015,400,0.7807692307692307
1518,math,fireworks_small,1,0.015,400,0.7807692307692307
1519,code,qwen_local,1,0.0,260,0.8799999999999999
1520,code,qwen_local,1,0.0,260,0.8799999999999999
1521,math,fireworks_small,1,0.015,400,0.7807692307692307
1522,math,fireworks_small,1,0.015,400,0.7807692307692307
1523,creative,phi3_local,0,0.0,180,0.0
1524,creative,phi3_local,1,0.0,180,0.9169230769230768
1525,code,qwen_local,1,0.0,260,0.8799999999999999
1526,math,fireworks_small,0,0.015,400,0.0
1527,creative,phi3_local,0,0.0,180,0.0
1528,code,qwen_local,1,0.0,260,0.8799999999999999
1529,qa,phi3_local,0,0.0,180,0.0
1530,math,fireworks_small,1,0.015,400,0.7807692307692307
1531,math,fireworks_small,1,0.015,400,0.7807692307692307
1532,creative,phi3_local,1,0.0,180,0.9169230769230768
1533,code,qwen_local,1,0.0,260,0.8799999999999999
1534,math,fireworks_small,1,0.015,400,0.7807692307692307
1535,qa,phi3_local,1,0.0,180,0.9169230769230768
1536,math,fireworks_small,1,0.015,400,0.7807692307692307
1537,qa,fireworks_small,0,0.015,400,0.0
1538,code,qwen_local,1,0.0,260,0.8799999999999999
1539,qa,phi3_local,1,0.0,180,0.9169230769230768
1540,qa,phi3_local,1,0.0,180,0.9169230769230768
1541,qa,fireworks_small,1,0.015,400,0.7807692307692307
1542,qa,phi3_local,0,0.0,180,0.0
1543,code,qwen_local,1,0.0,260,0.8799999999999999
1544,math,fireworks_small,1,0.015,400,0.7807692307692307
1545,qa,phi3_local,0,0.0,180,0.0
1546,code,qwen_local,1,0.0,260,0.8799999999999999
1547,qa,phi3_local,0,0.0,180,0.0
1548,code,qwen_local,1,0.0,260,0.8799999999999999
1549,code,qwen_local,0,0.0,260,0.0
1550,creative,phi3_local,1,0.0,180,0.9169230769230768
1551,qa,phi3_local,1,0.0,180,0.9169230769230768
1552,math,fireworks_small,1,0.015,400,0.7807692307692307
1553,code,qwen_local,1,0.0,260,0.8799999999999999
1554,code,qwen_local,1,0.0,260,0.8799999999999999
1555,code,qwen_local,0,0.0,260,0.0
1556,math,fireworks_small,1,0.015,400,0.7807692307692307
1557,code,qwen_local,1,0.0,260,0.8799999999999999
1558,qa,phi3_local,1,0.0,180,0.9169230769230768
1559,creative,phi3_local,1,0.0,180,0.9169230769230768
1560,math,fireworks_small,1,0.015,400,0.7807692307692307
1561,math,fireworks_small,0,0.015,400,0.0
1562,code,qwen_local,0,0.0,260,0.0
1563,math,fireworks_small,1,0.015,400,0.7807692307692307
1564,qa,phi3_local,0,0.0,180,0.0
1565,code,qwen_local,0,0.0,260,0.0
1566,math,fireworks_small,1,0.015,400,0.7807692307692307
1567,math,fireworks_small,1,0.015,400,0.7807692307692307
1568,code,qwen_local,1,0.0,260,0.8799999999999999
1569,code,fireworks_small,1,0.015,400,0.7807692307692307
1570,math,fireworks_small,1,0.015,400,0.7807692307692307
1571,code,qwen_local,1,0.0,260,0.8799999999999999
1572,math,qwen_local,1,0.0,260,0.8799999999999999
1573,code,qwen_local,1,0.0,260,0.8799999999999999
1574,code,qwen_local,1,0.0,260,0.8799999999999999
1575,qa,phi3_local,1,0.0,180,0.9169230769230768
1576,qa,phi3_local,1,0.0,180,0.9169230769230768
1577,qa,qwen_local,1,0.0,260,0.8799999999999999
1578,creative,phi3_local,1,0.0,180,0.9169230769230768
1579,creative,phi3_local,1,0.0,180,0.9169230769230768
1580,code,qwen_local,1,0.0,260,0.8799999999999999
1581,code,qwen_local,0,0.0,260,0.0
1582,code,qwen_local,0,0.0,260,0.0
1583,qa,phi3_local,1,0.0,180,0.9169230769230768
1584,math,fireworks_small,1,0.015,400,0.7807692307692307
1585,math,fireworks_small,1,0.015,400,0.7807692307692307
1586,qa,phi3_local,0,0.0,180,0.0
1587,qa,phi3_local,1,0.0,180,0.9169230769230768
1588,code,qwen_local,1,0.0,260,0.8799999999999999
1589,qa,phi3_local,1,0.0,180,0.9169230769230768
1590,qa,phi3_local,1,0.0,180,0.9169230769230768
1591,creative,phi3_local,0,0.0,180,0.0
1592,qa,phi3_local,1,0.0,180,0.9169230769230768
1593,qa,phi3_local,1,0.0,180,0.9169230769230768
1594,creative,phi3_local,1,0.0,180,0.9169230769230768
1595,math,fireworks_small,1,0.015,400,0.7807692307692307
1596,creative,phi3_local,0,0.0,180,0.0
1597,code,qwen_local,1,0.0,260,0.8799999999999999
1598,code,fireworks_small,0,0.015,400,0.0
1599,creative,phi3_local,0,0.0,180,0.0
1600,qa,phi3_local,1,0.0,180,0.9169230769230768
1601,qa,phi3_local,1,0.0,180,0.9169230769230768
1602,math,fireworks_small,1,0.015,400,0.7807692307692307
1603,qa,phi3_local,0,0.0,180,0.0
1604,qa,phi3_local,1,0.0,180,0.9169230769230768
1605,math,fireworks_small,1,0.015,400,0.7807692307692307
1606,qa,phi3_local,1,0.0,180,0.9169230769230768
1607,code,qwen_local,0,0.0,260,0.0
1608,qa,fireworks_small,1,0.015,400,0.7807692307692307
1609,qa,phi3_local,1,0.0,180,0.9169230769230768
1610,math,fireworks_small,0,0.015,400,0.0
1611,qa,phi3_local,1,0.0,180,0.9169230769230768
1612,creative,phi3_local,1,0.0,180,0.9169230769230768
1613,math,fireworks_small,1,0.015,400,0.7807692307692307
1614,code,fireworks_large,1,0.09,900,0.37692307692307697
1615,qa,phi3_local,1,0.0,180,0.9169230769230768
1616,code,qwen_local,1,0.0,260,0.8799999999999999
1617,qa,phi3_local,0,0.0,180,0.0
1618,creative,phi3_local,1,0.0,180,0.9169230769230768
1619,math,fireworks_small,1,0.015,400,0.7807692307692307
1620,qa,phi3_local,1,0.0,180,0.9169230769230768
1621,qa,phi3_local,1,0.0,180,0.9169230769230768
1622,qa,fireworks_small,1,0.015,400,0.7807692307692307
1623,creative,fireworks_small,1,0.015,400,0.7807692307692307
1624,qa,phi3_local,1,0.0,180,0.9169230769230768
1625,math,fireworks_small,1,0.015,400,0.7807692307692307
1626,creative,phi3_local,1,0.0,180,0.9169230769230768
1627,math,fireworks_small,1,0.015,400,0.7807692307692307
1628,creative,phi3_local,0,0.0,180,0.0
1629,math,fireworks_small,1,0.015,400,0.7807692307692307
1630,math,fireworks_small,1,0.015,400,0.7807692307692307
1631,creative,phi3_local,0,0.0,180,0.0
1632,math,fireworks_small,1,0.015,400,0.7807692307692307
1633,creative,phi3_local,1,0.0,180,0.9169230769230768
1634,creative,phi3_local,1,0.0,180,0.9169230769230768
1635,qa,phi3_local,1,0.0,180,0.9169230769230768
1636,math,fireworks_small,1,0.015,400,0.7807692307692307
1637,math,fireworks_small,1,0.015,400,0.7807692307692307
1638,qa,phi3_local,1,0.0,180,0.9169230769230768
1639,creative,phi3_local,1,0.0,180,0.9169230769230768
1640,creative,phi3_local,1,0.0,180,0.9169230769230768
1641,code,qwen_local,1,0.0,260,0.8799999999999999
1642,qa,phi3_local,0,0.0,180,0.0
1643,code,qwen_local,0,0.0,260,0.0
1644,qa,fireworks_small,1,0.015,400,0.7807692307692307
1645,math,fireworks_small,1,0.015,400,0.7807692307692307
1646,code,qwen_local,1,0.0,260,0.8799999999999999
1647,math,fireworks_small,1,0.015,400,0.7807692307692307
1648,creative,phi3_local,0,0.0,180,0.0
1649,code,qwen_local,1,0.0,260,0.8799999999999999
1650,qa,phi3_local,1,0.0,180,0.9169230769230768
1651,qa,phi3_local,1,0.0,180,0.9169230769230768
1652,creative,phi3_local,0,0.0,180,0.0
1653,code,qwen_local,1,0.0,260,0.8799999999999999
1654,code,qwen_local,1,0.0,260,0.8799999999999999
1655,math,fireworks_small,1,0.015,400,0.7807692307692307
1656,code,qwen_local,1,0.0,260,0.8799999999999999
1657,qa,fireworks_small,1,0.015,400,0.7807692307692307
1658,qa,fireworks_small,1,0.015,400,0.7807692307692307
1659,creative,phi3_local,0,0.0,180,0.0
1660,code,qwen_local,0,0.0,260,0.0
1661,code,qwen_local,1,0.0,260,0.8799999999999999
1662,creative,phi3_local,1,0.0,180,0.9169230769230768
1663,code,qwen_local,1,0.0,260,0.8799999999999999
1664,qa,phi3_local,1,0.0,180,0.9169230769230768
1665,code,qwen_local,1,0.0,260,0.8799999999999999
1666,creative,phi3_local,1,0.0,180,0.9169230769230768
1667,math,fireworks_small,1,0.015,400,0.7807692307692307
1668,code,qwen_local,0,0.0,260,0.0
1669,qa,phi3_local,1,0.0,180,0.9169230769230768
1670,math,fireworks_small,1,0.015,400,0.7807692307692307
1671,creative,phi3_local,1,0.0,180,0.9169230769230768
1672,code,qwen_local,0,0.0,260,0.0
1673,code,qwen_local,1,0.0,260,0.8799999999999999
1674,math,fireworks_small,1,0.015,400,0.7807692307692307
1675,qa,phi3_local,1,0.0,180,0.9169230769230768
1676,code,qwen_local,1,0.0,260,0.8799999999999999
1677,math,fireworks_small,1,0.015,400,0.7807692307692307
1678,creative,phi3_local,1,0.0,180,0.9169230769230768
1679,qa,phi3_local,0,0.0,180,0.0
1680,qa,qwen_local,1,0.0,260,0.8799999999999999
1681,qa,phi3_local,0,0.0,180,0.0
1682,creative,phi3_local,0,0.0,180,0.0
1683,creative,phi3_local,0,0.0,180,0.0
1684,math,fireworks_small,1,0.015,400,0.7807692307692307
1685,math,fireworks_small,1,0.015,400,0.7807692307692307
1686,math,fireworks_small,1,0.015,400,0.7807692307692307
1687,creative,fireworks_small,1,0.015,400,0.7807692307692307
1688,math,fireworks_small,1,0.015,400,0.7807692307692307
1689,qa,phi3_local,1,0.0,180,0.9169230769230768
1690,creative,phi3_local,1,0.0,180,0.9169230769230768
1691,qa,phi3_local,1,0.0,180,0.9169230769230768
1692,math,fireworks_small,1,0.015,400,0.7807692307692307
1693,qa,phi3_local,1,0.0,180,0.9169230769230768
1694,code,qwen_local,1,0.0,260,0.8799999999999999
1695,qa,phi3_local,1,0.0,180,0.9169230769230768
1696,qa,phi3_local,1,0.0,180,0.9169230769230768
1697,creative,phi3_local,1,0.0,180,0.9169230769230768
1698,code,qwen_local,1,0.0,260,0.8799999999999999
1699,creative,phi3_local,0,0.0,180,0.0
1700,math,fireworks_small,1,0.015,400,0.7807692307692307
1701,qa,phi3_local,1,0.0,180,0.9169230769230768
1702,code,fireworks_small,1,0.015,400,0.7807692307692307
1703,creative,phi3_local,1,0.0,180,0.9169230769230768
1704,qa,fireworks_small,1,0.015,400,0.7807692307692307
1705,math,fireworks_small,1,0.015,400,0.7807692307692307
1706,creative,phi3_local,0,0.0,180,0.0
1707,qa,phi3_local,1,0.0,180,0.9169230769230768
1708,math,fireworks_small,1,0.015,400,0.7807692307692307
1709,code,qwen_local,1,0.0,260,0.8799999999999999
1710,math,fireworks_small,1,0.015,400,0.7807692307692307
1711,math,fireworks_small,0,0.015,400,0.0
1712,code,qwen_local,1,0.0,260,0.8799999999999999
1713,qa,phi3_local,1,0.0,180,0.9169230769230768
1714,code,qwen_local,1,0.0,260,0.8799999999999999
1715,creative,phi3_local,1,0.0,180,0.9169230769230768
1716,qa,phi3_local,1,0.0,180,0.9169230769230768
1717,math,fireworks_small,1,0.015,400,0.7807692307692307
1718,code,qwen_local,0,0.0,260,0.0
1719,code,qwen_local,1,0.0,260,0.8799999999999999
1720,code,qwen_local,0,0.0,260,0.0
1721,qa,phi3_local,1,0.0,180,0.9169230769230768
1722,creative,phi3_local,0,0.0,180,0.0
1723,math,fireworks_small,1,0.015,400,0.7807692307692307
1724,creative,phi3_local,1,0.0,180,0.9169230769230768
1725,qa,phi3_local,1,0.0,180,0.9169230769230768
1726,creative,phi3_local,1,0.0,180,0.9169230769230768
1727,qa,phi3_local,0,0.0,180,0.0
1728,code,qwen_local,1,0.0,260,0.8799999999999999
1729,creative,phi3_local,1,0.0,180,0.9169230769230768
1730,creative,phi3_local,1,0.0,180,0.9169230769230768
1731,qa,phi3_local,1,0.0,180,0.9169230769230768
1732,code,qwen_local,0,0.0,260,0.0
1733,qa,phi3_local,1,0.0,180,0.9169230769230768
1734,code,qwen_local,1,0.0,260,0.8799999999999999
1735,code,qwen_local,1,0.0,260,0.8799999999999999
1736,creative,phi3_local,1,0.0,180,0.9169230769230768
1737,qa,phi3_local,1,0.0,180,0.9169230769230768
1738,math,fireworks_small,1,0.015,400,0.7807692307692307
1739,creative,phi3_local,1,0.0,180,0.9169230769230768
1740,math,fireworks_small,1,0.015,400,0.7807692307692307
1741,qa,phi3_local,1,0.0,180,0.9169230769230768
1742,math,fireworks_small,1,0.015,400,0.7807692307692307
1743,creative,phi3_local,1,0.0,180,0.9169230769230768
1744,code,qwen_local,1,0.0,260,0.8799999999999999
1745,math,fireworks_small,1,0.015,400,0.7807692307692307
1746,creative,phi3_local,0,0.0,180,0.0
1747,math,fireworks_small,1,0.015,400,0.7807692307692307
1748,creative,phi3_local,1,0.0,180,0.9169230769230768
1749,math,fireworks_small,1,0.015,400,0.7807692307692307
1750,qa,phi3_local,1,0.0,180,0.9169230769230768
1751,code,fireworks_small,1,0.015,400,0.7807692307692307
1752,math,fireworks_small,0,0.015,400,0.0
1753,math,fireworks_small,1,0.015,400,0.7807692307692307
1754,math,fireworks_small,1,0.015,400,0.7807692307692307
1755,math,fireworks_small,1,0.015,400,0.7807692307692307
1756,math,fireworks_small,1,0.015,400,0.7807692307692307
1757,code,qwen_local,1,0.0,260,0.8799999999999999
1758,math,fireworks_small,0,0.015,400,0.0
1759,creative,phi3_local,1,0.0,180,0.9169230769230768
1760,creative,phi3_local,0,0.0,180,0.0
1761,creative,phi3_local,1,0.0,180,0.9169230769230768
1762,creative,phi3_local,0,0.0,180,0.0
1763,creative,phi3_local,1,0.0,180,0.9169230769230768
1764,math,fireworks_small,1,0.015,400,0.7807692307692307
1765,math,fireworks_small,1,0.015,400,0.7807692307692307
1766,code,qwen_local,0,0.0,260,0.0
1767,math,fireworks_small,1,0.015,400,0.7807692307692307
1768,qa,phi3_local,1,0.0,180,0.9169230769230768
1769,math,fireworks_small,1,0.015,400,0.7807692307692307
1770,creative,phi3_local,0,0.0,180,0.0
1771,math,fireworks_small,1,0.015,400,0.7807692307692307
1772,creative,phi3_local,1,0.0,180,0.9169230769230768
1773,math,fireworks_small,1,0.015,400,0.7807692307692307
1774,math,fireworks_small,1,0.015,400,0.7807692307692307
1775,qa,phi3_local,1,0.0,180,0.9169230769230768
1776,qa,phi3_local,0,0.0,180,0.0
1777,qa,qwen_local,1,0.0,260,0.8799999999999999
1778,qa,phi3_local,1,0.0,180,0.9169230769230768
1779,math,fireworks_small,1,0.015,400,0.7807692307692307
1780,code,qwen_local,1,0.0,260,0.8799999999999999
1781,qa,phi3_local,0,0.0,180,0.0
1782,math,fireworks_small,1,0.015,400,0.7807692307692307
1783,code,qwen_local,0,0.0,260,0.0
1784,creative,phi3_local,1,0.0,180,0.9169230769230768
1785,qa,phi3_local,1,0.0,180,0.9169230769230768
1786,creative,phi3_local,1,0.0,180,0.9169230769230768
1787,code,qwen_local,1,0.0,260,0.8799999999999999
1788,math,fireworks_small,0,0.015,400,0.0
1789,creative,phi3_local,1,0.0,180,0.9169230769230768
1790,code,qwen_local,1,0.0,260,0.8799999999999999
1791,creative,phi3_local,1,0.0,180,0.9169230769230768
1792,qa,fireworks_small,1,0.015,400,0.7807692307692307
1793,qa,phi3_local,1,0.0,180,0.9169230769230768
1794,code,qwen_local,1,0.0,260,0.8799999999999999
1795,creative,phi3_local,0,0.0,180,0.0
1796,creative,fireworks_small,1,0.015,400,0.7807692307692307
1797,code,qwen_local,1,0.0,260,0.8799999999999999
1798,math,fireworks_small,1,0.015,400,0.7807692307692307
1799,code,qwen_local,1,0.0,260,0.8799999999999999
1800,creative,phi3_local,1,0.0,180,0.9169230769230768
1801,math,fireworks_small,0,0.015,400,0.0
1802,qa,phi3_local,1,0.0,180,0.9169230769230768
1803,math,fireworks_small,1,0.015,400,0.7807692307692307
1804,math,fireworks_small,1,0.015,400,0.7807692307692307
1805,creative,phi3_local,1,0.0,180,0.9169230769230768
1806,code,qwen_local,1,0.0,260,0.8799999999999999
1807,qa,phi3_local,1,0.0,180,0.9169230769230768
1808,math,fireworks_small,1,0.015,400,0.7807692307692307
1809,creative,phi3_local,1,0.0,180,0.9169230769230768
1810,creative,phi3_local,1,0.0,180,0.9169230769230768
1811,code,qwen_local,1,0.0,260,0.8799999999999999
1812,qa,phi3_local,1,0.0,180,0.9169230769230768
1813,code,qwen_local,1,0.0,260,0.8799999999999999
1814,qa,fireworks_small,0,0.015,400,0.0
1815,qa,phi3_local,1,0.0,180,0.9169230769230768
1816,code,qwen_local,1,0.0,260,0.8799999999999999
1817,code,qwen_local,1,0.0,260,0.8799999999999999
1818,qa,phi3_local,1,0.0,180,0.9169230769230768
1819,code,qwen_local,1,0.0,260,0.8799999999999999
1820,creative,phi3_local,1,0.0,180,0.9169230769230768
1821,math,fireworks_small,1,0.015,400,0.7807692307692307
1822,creative,phi3_local,1,0.0,180,0.9169230769230768
1823,creative,phi3_local,1,0.0,180,0.9169230769230768
1824,code,qwen_local,1,0.0,260,0.8799999999999999
1825,code,qwen_local,1,0.0,260,0.8799999999999999
1826,qa,phi3_local,1,0.0,180,0.9169230769230768
1827,math,fireworks_small,1,0.015,400,0.7807692307692307
1828,math,fireworks_small,1,0.015,400,0.7807692307692307
1829,math,fireworks_small,1,0.015,400,0.7807692307692307
1830,creative,phi3_local,0,0.0,180,0.0
1831,qa,phi3_local,1,0.0,180,0.9169230769230768
1832,creative,phi3_local,0,0.0,180,0.0
1833,code,qwen_local,1,0.0,260,0.8799999999999999
1834,creative,fireworks_large,1,0.09,900,0.37692307692307697
1835,code,qwen_local,1,0.0,260,0.8799999999999999
1836,code,qwen_local,1,0.0,260,0.8799999999999999
1837,qa,qwen_local,1,0.0,260,0.8799999999999999
1838,creative,phi3_local,1,0.0,180,0.9169230769230768
1839,qa,qwen_local,1,0.0,260,0.8799999999999999
1840,creative,phi3_local,0,0.0,180,0.0
1841,qa,qwen_local,1,0.0,260,0.8799999999999999
1842,math,fireworks_small,1,0.015,400,0.7807692307692307
1843,qa,qwen_local,1,0.0,260,0.8799999999999999
1844,math,fireworks_small,1,0.015,400,0.7807692307692307
1845,code,qwen_local,1,0.0,260,0.8799999999999999
1846,math,fireworks_small,1,0.015,400,0.7807692307692307
1847,qa,phi3_local,1,0.0,180,0.9169230769230768
1848,code,qwen_local,1,0.0,260,0.8799999999999999
1849,qa,phi3_local,1,0.0,180,0.9169230769230768
1850,creative,phi3_local,1,0.0,180,0.9169230769230768
1851,code,qwen_local,1,0.0,260,0.8799999999999999
1852,code,qwen_local,1,0.0,260,0.8799999999999999
1853,creative,phi3_local,1,0.0,180,0.9169230769230768
1854,code,qwen_local,0,0.0,260,0.0
1855,code,qwen_local,1,0.0,260,0.8799999999999999
1856,qa,phi3_local,1,0.0,180,0.9169230769230768
1857,code,qwen_local,1,0.0,260,0.8799999999999999
1858,creative,phi3_local,0,0.0,180,0.0
1859,math,fireworks_small,1,0.015,400,0.7807692307692307
1860,code,qwen_local,1,0.0,260,0.8799999999999999
1861,code,qwen_local,1,0.0,260,0.8799999999999999
1862,math,fireworks_small,0,0.015,400,0.0
1863,math,fireworks_small,1,0.015,400,0.7807692307692307
1864,creative,phi3_local,1,0.0,180,0.9169230769230768
1865,math,fireworks_small,1,0.015,400,0.7807692307692307
1866,math,fireworks_small,1,0.015,400,0.7807692307692307
1867,math,fireworks_small,1,0.015,400,0.7807692307692307
1868,qa,phi3_local,0,0.0,180,0.0
1869,qa,phi3_local,1,0.0,180,0.9169230769230768
1870,code,qwen_local,1,0.0,260,0.8799999999999999
1871,code,fireworks_small,1,0.015,400,0.7807692307692307
1872,creative,phi3_local,1,0.0,180,0.9169230769230768
1873,code,qwen_local,1,0.0,260,0.8799999999999999
1874,qa,qwen_local,1,0.0,260,0.8799999999999999
1875,code,qwen_local,0,0.0,260,0.0
1876,code,qwen_local,0,0.0,260,0.0
1877,qa,phi3_local,1,0.0,180,0.9169230769230768
1878,creative,phi3_local,1,0.0,180,0.9169230769230768
1879,qa,phi3_local,0,0.0,180,0.0
1880,creative,phi3_local,1,0.0,180,0.9169230769230768
1881,qa,phi3_local,0,0.0,180,0.0
1882,qa,phi3_local,1,0.0,180,0.9169230769230768
1883,math,fireworks_small,1,0.015,400,0.7807692307692307
1884,qa,phi3_local,1,0.0,180,0.9169230769230768
1885,code,qwen_local,1,0.0,260,0.8799999999999999
1886,creative,phi3_local,0,0.0,180,0.0
1887,math,qwen_local,1,0.0,260,0.8799999999999999
1888,code,qwen_local,1,0.0,260,0.8799999999999999
1889,creative,phi3_local,1,0.0,180,0.9169230769230768
1890,creative,phi3_local,1,0.0,180,0.9169230769230768
1891,creative,phi3_local,1,0.0,180,0.9169230769230768
1892,creative,phi3_local,1,0.0,180,0.9169230769230768
1893,code,qwen_local,1,0.0,260,0.8799999999999999
1894,creative,phi3_local,1,0.0,180,0.9169230769230768
1895,code,qwen_local,0,0.0,260,0.0
1896,creative,phi3_local,1,0.0,180,0.9169230769230768
1897,qa,phi3_local,1,0.0,180,0.9169230769230768
1898,qa,phi3_local,1,0.0,180,0.9169230769230768
1899,qa,phi3_local,1,0.0,180,0.9169230769230768
1900,math,fireworks_small,1,0.015,400,0.7807692307692307
1901,qa,phi3_local,0,0.0,180,0.0
1902,math,fireworks_small,1,0.015,400,0.7807692307692307
1903,creative,phi3_local,1,0.0,180,0.9169230769230768
1904,math,fireworks_small,1,0.015,400,0.7807692307692307
1905,creative,fireworks_small,1,0.015,400,0.7807692307692307
1906,math,fireworks_small,1,0.015,400,0.7807692307692307
1907,code,fireworks_small,0,0.015,400,0.0
1908,code,qwen_local,1,0.0,260,0.8799999999999999
1909,creative,phi3_local,0,0.0,180,0.0
1910,math,fireworks_small,1,0.015,400,0.7807692307692307
1911,math,fireworks_small,1,0.015,400,0.7807692307692307
1912,math,fireworks_small,1,0.015,400,0.7807692307692307
1913,code,qwen_local,0,0.0,260,0.0
1914,creative,phi3_local,1,0.0,180,0.9169230769230768
1915,math,fireworks_small,1,0.015,400,0.7807692307692307
1916,code,qwen_local,1,0.0,260,0.8799999999999999
1917,qa,phi3_local,1,0.0,180,0.9169230769230768
1918,creative,phi3_local,0,0.0,180,0.0
1919,code,qwen_local,1,0.0,260,0.8799999999999999
1920,math,fireworks_small,1,0.015,400,0.7807692307692307
1921,creative,phi3_local,1,0.0,180,0.9169230769230768
1922,creative,phi3_local,1,0.0,180,0.9169230769230768
1923,math,fireworks_small,1,0.015,400,0.7807692307692307
1924,qa,phi3_local,1,0.0,180,0.9169230769230768
1925,creative,phi3_local,1,0.0,180,0.9169230769230768
1926,qa,qwen_local,0,0.0,260,0.0
1927,qa,fireworks_small,1,0.015,400,0.7807692307692307
1928,math,fireworks_small,1,0.015,400,0.7807692307692307
1929,math,fireworks_small,1,0.015,400,0.7807692307692307
1930,math,fireworks_small,1,0.015,400,0.7807692307692307
1931,code,qwen_local,1,0.0,260,0.8799999999999999
1932,math,fireworks_small,1,0.015,400,0.7807692307692307
1933,creative,phi3_local,1,0.0,180,0.9169230769230768
1934,code,qwen_local,1,0.0,260,0.8799999999999999
1935,creative,phi3_local,0,0.0,180,0.0
1936,math,fireworks_small,1,0.015,400,0.7807692307692307
1937,code,qwen_local,1,0.0,260,0.8799999999999999
1938,math,fireworks_small,0,0.015,400,0.0
1939,creative,phi3_local,1,0.0,180,0.9169230769230768
1940,creative,phi3_local,1,0.0,180,0.9169230769230768
1941,code,qwen_local,1,0.0,260,0.8799999999999999
1942,creative,phi3_local,1,0.0,180,0.9169230769230768
1943,code,qwen_local,1,0.0,260,0.8799999999999999
1944,creative,phi3_local,1,0.0,180,0.9169230769230768
1945,creative,phi3_local,1,0.0,180,0.9169230769230768
1946,code,qwen_local,1,0.0,260,0.8799999999999999
1947,creative,phi3_local,0,0.0,180,0.0
1948,creative,phi3_local,1,0.0,180,0.9169230769230768
1949,qa,phi3_local,1,0.0,180,0.9169230769230768
1950,qa,phi3_local,1,0.0,180,0.9169230769230768
1951,code,qwen_local,1,0.0,260,0.8799999999999999
1952,code,qwen_local,0,0.0,260,0.0
1953,code,qwen_local,1,0.0,260,0.8799999999999999
1954,creative,phi3_local,1,0.0,180,0.9169230769230768
1955,math,fireworks_small,1,0.015,400,0.7807692307692307
1956,creative,phi3_local,1,0.0,180,0.9169230769230768
1957,qa,qwen_local,0,0.0,260,0.0
1958,qa,phi3_local,0,0.0,180,0.0
1959,qa,phi3_local,1,0.0,180,0.9169230769230768
1960,math,fireworks_small,1,0.015,400,0.7807692307692307
1961,creative,phi3_local,1,0.0,180,0.9169230769230768
1962,qa,qwen_local,1,0.0,260,0.8799999999999999
1963,math,fireworks_small,0,0.015,400,0.0
1964,qa,fireworks_small,1,0.015,400,0.7807692307692307
1965,qa,phi3_local,1,0.0,180,0.9169230769230768
1966,qa,phi3_local,1,0.0,180,0.9169230769230768
1967,creative,phi3_local,0,0.0,180,0.0
1968,code,qwen_local,1,0.0,260,0.8799999999999999
1969,creative,phi3_local,0,0.0,180,0.0
1970,creative,fireworks_small,1,0.015,400,0.7807692307692307
1971,code,qwen_local,1,0.0,260,0.8799999999999999
1972,creative,phi3_local,1,0.0,180,0.9169230769230768
1973,code,qwen_local,1,0.0,260,0.8799999999999999
1974,qa,phi3_local,1,0.0,180,0.9169230769230768
1975,code,qwen_local,0,0.0,260,0.0
1976,code,qwen_local,0,0.0,260,0.0
1977,math,fireworks_small,0,0.015,400,0.0
1978,creative,phi3_local,1,0.0,180,0.9169230769230768
1979,qa,phi3_local,0,0.0,180,0.0
1980,creative,phi3_local,1,0.0,180,0.9169230769230768
1981,qa,phi3_local,1,0.0,180,0.9169230769230768
1982,creative,phi3_local,1,0.0,180,0.9169230769230768
1983,math,fireworks_small,1,0.015,400,0.7807692307692307
1984,code,qwen_local,1,0.0,260,0.8799999999999999
1985,math,fireworks_small,1,0.015,400,0.7807692307692307
1986,creative,phi3_local,1,0.0,180,0.9169230769230768
1987,math,fireworks_small,1,0.015,400,0.7807692307692307
1988,math,fireworks_small,0,0.015,400,0.0
1989,math,fireworks_small,1,0.015,400,0.7807692307692307
1990,creative,fireworks_small,1,0.015,400,0.7807692307692307
1991,math,fireworks_small,1,0.015,400,0.7807692307692307
1992,code,qwen_local,1,0.0,260,0.8799999999999999
1993,code,qwen_local,1,0.0,260,0.8799999999999999
1994,creative,phi3_local,1,0.0,180,0.9169230769230768
1995,qa,phi3_local,1,0.0,180,0.9169230769230768
1996,qa,phi3_local,1,0.0,180,0.9169230769230768
1997,qa,phi3_local,1,0.0,180,0.9169230769230768
1998,creative,phi3_local,1,0.0,180,0.9169230769230768
1999,qa,phi3_local,1,0.0,180,0.9169230769230768
